,Surah 1,Surah 2,Surah 3,Surah 4,Surah 5,Surah 6,Surah 7,Surah 8,Surah 9,Surah 10,Surah 11,Surah 12,Surah 13,Surah 14,Surah 15,Surah 16,Surah 17,Surah 18,Surah 19,Surah 20,Surah 21,Surah 22,Surah 23,Surah 24,Surah 25,Surah 26,Surah 27,Surah 28,Surah 29,Surah 30,Surah 31,Surah 32,Surah 33,Surah 34,Surah 35,Surah 36,Surah 37,Surah 38,Surah 39,Surah 40,Surah 41,Surah 42,Surah 43,Surah 44,Surah 45,Surah 46,Surah 47,Surah 48,Surah 49,Surah 50,Surah 51,Surah 52,Surah 53,Surah 54,Surah 55,Surah 56,Surah 57,Surah 58,Surah 59,Surah 60,Surah 61,Surah 62,Surah 63,Surah 64,Surah 65,Surah 66,Surah 67,Surah 68,Surah 69,Surah 70,Surah 71,Surah 72,Surah 73,Surah 74,Surah 75,Surah 76,Surah 77,Surah 78,Surah 79,Surah 80,Surah 81,Surah 82,Surah 83,Surah 84,Surah 85,Surah 86,Surah 87,Surah 88,Surah 89,Surah 90,Surah 91,Surah 92,Surah 93,Surah 94,Surah 95,Surah 96,Surah 97,Surah 98,Surah 99,Surah 100,Surah 101,Surah 102,Surah 103,Surah 104,Surah 105,Surah 106,Surah 107,Surah 108,Surah 109,Surah 110,Surah 111,Surah 112,Surah 113,Surah 114
Surah 1,100.00,82.72,91.89,87.62,86.01,89.36,88.17,88.22,89.32,90.13,88.46,80.72,91.87,90.01,80.07,89.94,86.42,86.96,90.17,89.31,88.32,80.50,79.28,89.70,90.81,81.11,89.78,82.77,89.45,89.43,91.46,89.61,88.87,88.50,90.69,84.69,93.06,90.35,89.93,86.90,82.87,91.54,83.66,90.94,91.54,86.17,89.61,87.68,90.63,78.43,84.48,89.44,88.93,83.41,88.53,72.02,90.11,88.49,91.39,87.02,91.17,90.57,86.67,89.81,89.33,89.96,89.13,87.83,82.80,87.28,84.21,87.55,89.46,90.60,87.80,84.54,70.39,80.95,85.04,86.22,83.99,79.26,84.98,89.59,85.17,87.12,92.29,69.39,88.31,74.85,88.65,89.74,91.17,75.98,70.76,85.74,71.27,88.52,61.38,88.28,88.55,64.57,72.48,86.80,63.95,76.27,78.91,60.09,80.36,88.84,62.98,82.04,85.29,62.97
Surah 2,82.72,100.00,84.29,76.18,75.23,84.23,82.75,88.31,85.13,83.11,77.96,73.57,85.57,79.08,73.39,78.64,71.73,77.62,79.47,79.45,80.65,72.26,87.03,79.41,76.07,80.42,85.74,71.73,85.77,81.28,88.23,82.94,79.48,76.89,81.28,82.37,83.83,80.10,84.04,75.11,72.71,83.83,73.66,81.02,83.40,79.42,80.40,83.23,81.96,68.97,75.15,83.78,78.69,73.15,78.03,68.58,79.63,80.04,84.93,84.08,80.38,81.97,83.59,84.62,78.70,80.01,76.38,78.29,69.43,73.31,75.83,76.50,79.08,77.25,77.10,69.96,64.86,71.41,70.91,75.68,75.58,79.45,78.22,83.55,82.49,73.58,81.73,57.26,79.79,68.62,76.82,80.53,86.02,65.89,61.40,84.50,58.42,82.63,59.85,74.62,74.25,73.11,65.10,77.18,56.83,68.32,69.09,57.84,80.85,84.36,50.37,71.13,73.92,48.67
Surah 3,91.89,84.29,100.00,93.55,92.71,94.87,91.96,93.37,94.66,94.99,95.65,86.56,96.84,96.29,81.96,95.10,90.93,92.03,92.67,94.40,94.34,88.03,73.48,94.36,91.31,81.22,92.74,81.97,93.35,93.08,92.62,94.30,94.65,92.34,96.01,82.49,93.78,94.04,94.95,94.80,88.54,96.42,86.87,94.21,95.63,93.45,93.60,89.45,93.18,80.57,81.23,93.97,94.21,87.77,88.27,70.90,95.48,93.82,96.40,91.68,96.15,91.11,94.80,94.85,93.70,93.17,89.89,95.15,89.45,93.34,86.51,91.71,90.23,93.30,86.53,79.66,65.29,72.56,88.75,91.73,79.59,78.55,86.99,89.83,89.65,89.47,96.63,65.41,90.67,71.78,91.39,94.74,89.07,71.92,65.15,88.71,64.96,91.75,60.31,88.70,88.65,62.04,65.36,90.38,61.52,70.34,70.90,56.00,73.61,88.72,59.73,80.97,81.97,53.67
Surah 4,87.62,76.18,93.55,100.00,96.12,89.01,92.97,92.57,90.58,93.81,96.13,90.32,95.10,94.73,86.28,96.99,93.16,89.52,90.58,92.67,93.83,88.13,67.01,93.58,89.20,80.60,92.30,79.80,91.96,92.43,89.43,93.30,96.83,89.85,93.74,79.35,88.20,95.23,94.04,94.73,92.74,95.01,91.65,94.20,93.12,93.38,90.45,84.36,93.80,83.15,78.60,87.90,91.61,90.89,89.38,68.54,92.72,96.48,93.16,91.71,95.27,85.29,94.06,89.89,94.01,95.53,86.50,96.46,93.92,93.12,83.18,93.76,91.43,91.97,81.26,75.06,57.42,77.05,90.55,93.04,73.15,69.94,82.90,85.47,82.47,88.71,93.88,62.34,88.44,72.12,89.57,94.47,80.96,65.66,62.37,82.13,56.99,91.62,53.77,88.04,88.56,52.64,57.18,88.90,55.27,69.48,63.31,52.34,69.65,80.36,61.75,74.69,76.17,48.15
Surah 5,86.01,75.23,92.71,96.12,100.00,86.42,92.52,91.73,89.90,92.27,97.10,89.95,94.15,95.26,87.35,96.42,92.54,89.09,88.32,93.97,93.66,87.58,61.78,93.05,84.86,77.29,92.75,77.38,92.15,92.50,89.66,93.81,95.13,89.53,93.17,81.17,86.94,94.20,92.48,95.93,93.92,94.96,90.73,93.99,93.45,93.56,90.07,83.66,94.33,81.76,76.68,87.66,91.27,91.61,86.71,64.26,91.52,93.19,91.56,93.34,95.41,82.83,94.19,87.72,94.95,92.49,82.47,97.10,94.39,92.67,82.70,93.64,90.53,91.08,80.41,72.13,56.58,70.79,91.10,93.87,70.43,68.41,83.46,82.43,82.57,87.85,92.10,59.36,85.63,69.91,86.87,93.81,77.96,60.09,63.63,78.83,55.13,90.78,48.21,85.70,89.00,51.37,56.97,91.39,50.60,68.31,62.54,53.84,64.86,77.26,58.63,70.90,73.18,47.46
Surah 6,89.36,84.23,94.87,89.01,86.42,100.00,87.09,89.43,92.70,90.49,89.52,81.77,92.72,90.72,77.17,90.61,85.93,87.39,90.46,90.46,89.08,83.47,71.41,88.69,91.53,78.96,87.78,79.93,88.66,89.65,88.43,90.67,89.99,90.32,94.01,77.23,91.00,89.57,90.30,88.54,81.55,92.99,82.81,90.28,92.21,91.12,89.16,89.16,87.51,79.85,78.74,89.83,89.19,82.41,88.23,68.11,94.55,89.74,94.18,86.79,91.93,90.23,90.04,96.45,87.98,89.84,89.66,89.95,83.14,87.31,85.11,85.90,86.48,88.70,84.99,79.91,63.65,75.56,81.90,86.67,78.89,77.54,81.07,88.64,86.86,86.74,93.86,63.92,90.17,71.69,89.42,91.38,89.06,72.13,64.59,89.15,66.24,86.46,62.56,86.57,82.59,66.26,62.62,84.61,61.08,69.93,67.31,55.60,71.65,88.78,59.97,79.49,80.34,51.70
Surah 7,88.17,82.75,91.96,92.97,92.52,87.09,100.00,92.41,90.79,94.07,93.46,91.05,94.84,93.70,89.43,93.63,91.04,89.34,91.19,92.72,92.96,86.17,73.57,93.26,85.26,86.49,91.85,83.41,93.10,91.26,90.58,93.24,93.90,87.67,90.32,86.00,90.31,95.42,92.66,91.28,90.67,92.65,91.36,95.18,92.31,91.05,90.48,87.02,93.60,86.91,84.02,90.78,92.60,90.85,89.43,75.07,89.89,93.35,94.66,92.38,93.36,86.13,94.21,88.54,93.89,93.59,85.57,92.63,90.94,90.56,85.01,94.74,91.37,91.81,84.04,78.47,65.64,78.98,90.93,91.64,77.80,75.47,85.95,87.31,86.67,87.28,92.62,63.61,89.89,75.08,88.43,90.95,84.18,72.14,64.88,84.37,60.53,93.06,58.16,87.90,88.50,62.83,62.57,85.75,62.01,74.83,68.91,56.96,75.79,83.79,58.22,76.21,76.70,55.56
Surah 8,88.22,88.31,93.37,92.57,91.73,89.43,92.41,100.00,93.33,93.11,93.81,85.82,94.29,92.06,83.03,93.85,87.73,88.49,89.80,90.17,91.57,83.75,77.08,91.73,85.10,78.13,93.49,77.21,95.24,92.30,91.13,92.28,94.86,87.49,91.99,81.24,86.65,91.81,94.61,91.30,90.19,95.47,87.59,91.83,92.79,91.10,91.34,88.46,94.84,77.64,75.89,89.26,88.37,85.31,86.04,65.17,90.79,92.76,92.73,95.50,94.39,86.86,94.80,91.79,91.51,92.79,82.48,93.74,87.12,88.57,84.12,90.39,87.46,87.62,81.80,70.80,60.42,71.84,85.33,88.15,72.21,72.04,82.76,86.07,86.83,83.07,92.74,55.23,85.63,69.05,85.51,92.03,83.33,62.46,59.99,87.28,55.22,92.15,52.39,83.92,83.45,58.63,61.60,86.11,51.57,67.60,65.61,50.88,77.45,85.79,52.92,73.97,73.02,45.22
Surah 9,89.32,85.13,94.66,90.58,89.90,92.70,90.79,93.33,100.00,93.55,92.67,86.60,94.49,93.08,80.63,93.25,88.69,87.58,91.13,91.66,91.52,84.89,73.25,90.49,88.14,80.99,91.50,82.04,92.12,91.99,90.63,93.18,92.92,88.34,93.48,79.68,89.97,92.01,93.60,91.85,86.87,94.32,87.06,92.64,93.50,91.73,89.05,88.58,91.92,80.29,79.03,91.05,89.32,85.88,87.71,69.80,92.17,91.67,94.25,91.42,93.58,88.96,93.31,92.93,91.57,92.19,86.46,92.71,87.57,89.00,87.99,89.89,88.28,88.85,85.30,76.93,64.57,74.45,85.39,86.65,76.76,75.72,83.10,86.96,86.37,85.39,92.57,61.41,89.55,70.01,87.56,90.57,86.58,68.91,63.68,87.83,62.83,91.60,58.15,85.07,82.97,63.83,58.82,85.39,59.75,69.53,68.54,55.15,74.48,87.05,55.08,77.38,78.03,51.72
Surah 10,90.13,83.11,94.99,93.81,92.27,90.49,94.07,93.11,93.55,100.00,95.39,90.09,95.60,95.29,86.32,95.47,92.86,93.45,92.85,93.38,94.73,85.94,74.49,93.08,90.14,86.33,94.28,84.72,95.96,93.12,93.68,94.12,95.83,93.09,94.11,85.34,92.19,96.78,95.22,94.12,90.61,94.45,90.67,95.59,93.46,92.18,92.64,86.49,93.37,87.30,81.63,91.83,94.32,91.55,91.92,73.88,92.85,94.93,96.44,92.57,95.89,92.22,96.00,91.22,93.75,95.37,89.10,94.95,91.40,93.84,87.15,95.74,90.35,92.21,86.18,81.81,67.24,75.85,90.48,91.62,78.54,73.61,87.68,88.85,88.28,89.33,94.05,63.87,91.02,72.72,90.23,93.09,86.84,69.96,65.51,88.34,62.13,94.55,59.15,91.44,89.02,60.96,63.79,89.67,62.90,72.67,72.79,53.49,74.67,87.55,62.05,79.52,80.26,58.65
Surah 11,88.46,77.96,95.65,96.13,97.10,89.52,93.46,93.81,92.67,95.39,100.00,89.52,96.12,96.67,85.89,97.27,92.92,91.37,91.82,94.20,95.03,88.42,67.06,94.93,87.55,77.97,92.91,79.68,94.60,92.95,91.78,94.84,97.28,91.99,94.67,80.91,89.01,95.77,95.65,97.09,93.84,96.84,90.55,95.55,94.67,94.40,92.38,86.21,95.78,81.30,78.33,90.25,93.56,90.94,87.31,65.91,93.77,95.86,94.41,94.16,97.25,87.15,96.03,90.73,95.66,95.14,85.81,97.77,93.56,94.69,85.69,95.38,90.46,92.18,83.28,75.19,60.45,70.29,90.99,93.47,73.69,70.18,84.87,85.90,85.53,87.19,95.06,59.07,87.64,68.29,88.78,94.33,81.97,64.25,61.62,83.99,57.79,91.90,51.92,87.50,88.42,54.13,57.68,89.03,54.45,66.35,64.23,52.42,69.69,83.20,56.89,74.44,75.88,50.10
Surah 12,80.72,73.57,86.56,90.32,89.95,81.77,91.05,85.82,86.60,90.09,89.52,100.00,90.43,89.96,89.61,90.90,91.12,83.64,87.41,91.25,90.12,82.38,58.79,87.92,80.55,82.03,91.22,82.09,88.24,87.94,84.71,88.98,91.88,87.21,87.13,80.43,84.90,91.52,86.59,89.99,92.25,87.92,94.54,91.74,88.95,88.27,83.82,79.11,87.03,88.28,77.83,84.98,90.36,89.98,90.57,71.05,87.28,90.27,87.90,86.43,90.39,80.49,89.71,83.23,88.32,90.48,82.01,90.74,92.11,89.90,82.29,92.53,90.52,88.34,77.74,74.21,58.94,77.29,90.59,90.18,72.29,68.02,81.03,79.14,78.67,87.01,86.91,62.14,84.57,70.69,87.43,88.12,76.43,62.67,61.65,79.79,55.92,87.00,51.54,84.78,88.20,57.63,52.33,83.87,54.81,67.52,63.57,50.76,64.27,73.70,57.84,73.41,73.78,49.74
Surah 13,91.87,85.57,96.84,95.10,94.15,92.72,94.84,94.29,94.49,95.60,96.12,90.43,100.00,96.53,86.12,96.80,92.11,90.00,91.97,95.34,95.54,89.16,73.49,95.46,89.23,84.58,94.57,84.67,94.72,94.22,92.82,95.68,95.90,91.80,94.20,84.86,93.94,96.06,95.14,94.69,90.95,96.39,90.76,95.98,96.30,94.34,92.60,87.51,95.22,83.83,84.16,94.33,94.83,91.50,91.34,73.24,95.27,95.07,96.34,92.89,96.53,89.29,95.56,94.07,95.33,94.38,89.57,95.78,92.52,93.25,85.05,94.43,93.70,94.56,87.50,81.04,66.47,77.05,91.74,92.81,80.93,79.95,88.17,90.04,88.06,90.28,96.04,67.11,91.67,72.93,93.10,94.59,87.46,72.46,67.67,86.75,65.59,92.90,60.19,89.53,90.76,64.38,63.12,90.47,62.01,72.14,70.70,58.92,77.10,85.76,59.73,79.30,82.69,54.73
Surah 14,90.01,79.08,96.29,94.73,95.26,90.72,93.70,92.06,93.08,95.29,96.67,89.96,96.53,100.00,87.77,96.51,94.49,92.31,91.41,95.67,95.01,87.52,68.03,95.15,90.09,81.29,93.94,84.42,93.37,92.94,91.82,95.06,95.01,91.80,94.43,83.36,92.31,95.82,94.34,96.71,92.79,95.56,91.04,95.84,95.85,94.26,93.31,86.83,93.24,83.22,81.46,92.71,95.04,90.88,89.77,70.08,94.29,94.15,95.69,91.75,96.23,89.42,94.96,92.13,95.77,93.78,88.75,96.30,93.38,95.58,87.07,95.49,91.41,94.27,85.91,78.78,63.64,73.19,92.06,94.29,77.26,74.33,87.90,87.65,88.04,90.18,95.09,64.30,89.00,71.87,91.37,94.72,85.28,69.72,64.55,84.85,64.48,93.22,55.88,90.29,90.44,57.58,61.22,91.66,58.51,72.99,70.05,55.55,70.12,84.82,61.48,79.13,80.19,55.21
Surah 15,80.07,73.39,81.96,86.28,87.35,77.17,89.43,83.03,80.63,86.32,85.89,89.61,86.12,87.77,100.00,85.86,85.54,82.29,81.61,87.15,86.19,78.25,64.44,87.56,76.78,83.01,89.03,79.43,86.31,85.20,84.18,86.55,84.92,79.66,81.84,82.48,82.22,89.18,83.17,86.26,88.64,83.15,91.00,87.07,85.39,84.02,85.32,77.71,83.96,86.06,80.34,82.47,85.99,87.93,84.46,72.47,79.85,85.85,84.76,84.65,84.84,74.97,86.78,77.17,88.70,84.96,76.27,85.15,86.94,85.77,78.84,89.77,86.25,85.47,74.88,74.62,62.97,78.22,89.63,87.73,73.22,71.72,83.54,79.02,79.87,82.51,81.28,63.82,79.68,74.45,82.56,83.94,75.38,62.32,66.61,74.94,55.41,86.96,49.88,83.37,86.67,58.64,59.50,83.00,55.39,75.57,67.16,54.09,63.27,75.03,59.20,68.62,69.91,50.49
Surah 16,89.94,78.64,95.10,96.99,96.42,90.61,93.63,93.85,93.25,95.47,97.27,90.90,96.80,96.51,85.86,100.00,93.82,89.92,91.43,95.55,95.33,88.68,65.86,93.51,89.50,79.45,94.45,81.86,94.61,94.65,91.29,95.29,97.55,93.31,95.48,80.90,90.46,95.41,95.30,95.85,93.22,96.88,91.85,96.12,95.68,95.61,90.48,85.66,95.21,83.46,78.36,90.70,93.84,91.59,91.83,66.72,95.69,95.43,94.89,93.01,97.48,88.84,94.68,92.83,94.73,94.94,88.12,97.82,93.88,94.57,84.66,95.21,92.39,93.50,85.31,77.11,59.52,74.75,90.64,93.63,75.06,70.66,84.56,86.14,84.45,90.56,95.92,63.34,88.77,69.25,90.95,95.47,82.74,64.65,62.85,85.49,61.54,92.77,54.99,89.24,90.56,57.46,57.88,90.50,54.00,71.59,66.26,53.12,71.39,81.24,60.59,76.83,78.78,50.70
Surah 17,86.42,71.73,90.93,93.16,92.54,85.93,91.04,87.73,88.69,92.86,92.92,91.12,92.11,94.49,85.54,93.82,100.00,90.15,92.59,93.31,91.33,83.62,62.11,92.15,88.81,79.55,92.01,87.07,89.94,90.73,85.13,90.80,93.62,90.90,90.85,77.24,87.90,93.87,90.39,94.85,91.54,90.61,90.87,92.81,91.69,89.87,90.10,80.57,89.18,84.91,76.77,87.22,93.33,90.50,92.34,69.60,91.52,92.34,92.77,88.08,94.80,86.77,91.16,87.28,91.96,93.15,85.80,93.66,95.23,94.57,87.23,93.86,90.62,90.94,82.69,78.58,58.76,74.55,93.06,91.82,72.46,64.70,82.21,83.06,84.28,91.53,92.16,61.38,87.04,68.69,91.80,91.65,80.38,65.12,58.94,81.20,63.12,91.25,52.50,91.24,89.69,51.26,55.80,89.08,55.31,73.19,66.28,48.00,64.32,80.41,63.64,77.68,76.01,53.06
Surah 18,86.96,77.62,92.03,89.52,89.09,87.39,89.34,88.49,87.58,93.45,91.37,83.64,90.00,92.31,82.29,89.92,90.15,100.00,89.28,88.40,88.35,79.69,72.20,90.57,90.60,80.65,89.30,81.26,91.53,89.09,88.37,87.57,90.81,90.11,90.15,82.16,87.19,92.25,90.15,90.65,85.42,89.14,83.79,89.07,87.98,86.05,93.60,82.58,89.11,81.14,77.43,87.84,91.18,86.86,87.00,70.13,87.03,89.42,92.14,89.19,91.90,88.62,91.39,86.09,90.30,90.63,84.74,91.29,87.35,91.85,81.92,91.39,83.71,88.46,81.02,78.66,64.96,68.30,86.87,89.85,72.17,68.86,85.63,85.17,87.61,86.72,90.61,60.16,85.49,70.23,86.77,90.22,84.23,68.91,65.29,84.38,58.82,90.64,54.91,89.12,86.62,52.80,69.13,88.21,61.67,69.64,72.09,50.18,67.44,86.46,62.51,79.87,76.29,56.58
Surah 19,90.17,79.47,92.67,90.58,88.32,90.46,91.19,89.80,91.13,92.85,91.82,87.41,91.97,91.41,81.61,91.43,92.59,89.28,100.00,92.00,89.20,82.04,71.06,89.75,90.27,79.31,90.13,83.94,88.57,87.84,88.76,91.05,93.28,90.21,92.30,77.17,89.59,91.23,91.68,90.26,86.81,92.14,87.80,92.73,91.94,88.05,89.14,86.60,90.21,80.91,79.79,89.13,91.96,83.22,89.99,72.37,91.48,92.85,93.28,89.23,93.57,90.22,90.44,90.30,89.32,95.70,89.27,91.43,87.01,90.66,87.95,91.37,89.46,90.28,84.20,80.53,63.16,76.24,87.77,89.26,77.74,70.68,79.61,89.38,84.15,86.80,94.45,61.83,89.90,70.05,89.66,90.03,88.62,72.87,57.23,89.74,64.05,88.76,60.83,90.59,85.64,57.71,58.75,84.39,61.82,71.82,69.20,54.36,73.54,87.56,63.60,80.08,79.35,57.20
Surah 20,89.31,79.45,94.40,92.67,93.97,90.46,92.72,90.17,91.66,93.38,94.20,91.25,95.34,95.67,87.15,95.55,93.31,88.40,92.00,100.00,93.11,87.10,66.13,92.91,88.77,81.07,93.87,85.06,91.76,91.47,89.18,95.39,93.96,92.33,93.33,82.21,92.62,93.05,93.25,94.68,91.80,93.69,91.91,94.34,95.97,94.46,89.49,85.00,92.33,83.55,81.91,92.08,94.81,89.22,91.62,72.15,94.72,92.45,93.79,90.67,95.58,86.84,92.20,92.34,93.80,92.40,87.38,94.43,91.37,93.75,85.19,93.95,92.24,93.83,86.79,79.37,63.49,75.91,91.69,94.48,78.21,75.54,85.30,86.20,85.85,92.74,94.72,65.38,88.18,73.56,90.86,93.20,84.91,67.44,66.02,86.15,64.78,90.88,57.68,88.32,91.79,63.03,61.52,91.04,56.46,72.10,68.75,57.36,70.69,80.95,61.25,80.31,81.24,55.10
Surah 21,88.32,80.65,94.34,93.83,93.66,89.08,92.96,91.57,91.52,94.73,95.03,90.12,95.54,95.01,86.19,95.33,91.33,88.35,89.20,93.11,100.00,88.74,67.69,92.98,87.28,82.32,93.19,80.30,93.66,93.15,92.36,93.81,94.76,91.17,93.34,83.72,91.27,95.63,93.17,94.94,93.56,94.71,90.30,95.51,94.42,94.59,89.86,84.82,93.70,84.62,79.81,90.82,94.51,92.98,88.44,67.26,93.22,94.26,94.41,90.81,95.27,87.21,95.38,90.43,93.64,92.35,86.35,96.14,93.13,92.42,83.51,94.43,91.38,92.10,82.25,76.77,61.70,72.35,90.75,92.33,76.44,72.79,86.61,85.09,86.33,88.55,93.55,65.84,88.71,69.19,89.60,94.17,81.84,63.39,62.75,83.98,58.90,91.76,55.14,86.93,90.06,58.13,58.06,89.79,56.66,68.99,67.38,50.22,70.25,81.84,57.60,77.33,78.54,49.85
Surah 22,80.50,72.26,88.03,88.13,87.58,83.47,86.17,83.75,84.89,85.94,88.42,82.38,89.16,87.52,78.25,88.68,83.62,79.69,82.04,87.10,88.74,100.00,59.62,87.00,78.76,74.44,83.83,73.48,84.24,86.14,82.58,87.11,86.59,83.54,85.75,74.32,84.94,88.07,84.06,87.30,83.98,87.37,82.24,87.63,87.10,87.37,82.38,78.88,86.11,78.35,75.43,83.86,87.78,85.81,80.38,65.53,87.56,86.97,86.93,83.94,86.97,77.30,87.19,84.81,86.83,85.33,82.06,87.78,85.88,85.56,77.82,85.85,86.08,87.53,79.95,73.04,56.84,68.76,85.71,85.96,73.62,70.61,78.62,80.54,80.43,83.35,86.91,64.85,83.95,66.33,85.20,86.85,74.68,61.91,57.69,74.43,58.45,81.65,67.81,81.73,84.41,56.67,53.82,82.70,54.26,63.57,57.13,51.27,64.13,73.78,52.40,69.36,71.31,43.35
Surah 23,79.28,87.03,73.48,67.01,61.78,71.41,73.57,77.08,73.25,74.49,67.06,58.79,73.49,68.03,64.44,65.86,62.11,72.20,71.06,66.13,67.69,59.62,100.00,71.60,70.32,78.72,72.65,67.44,77.01,69.20,78.40,71.52,68.83,63.30,67.72,76.78,75.34,71.38,75.85,63.59,59.71,70.90,61.46,69.57,69.82,63.70,76.72,73.97,73.17,60.39,74.56,75.18,67.79,62.77,67.85,71.36,64.97,72.76,74.87,75.61,68.99,74.88,73.42,70.89,72.06,72.09,66.98,64.76,57.57,63.59,68.27,67.14,67.72,67.41,71.74,66.35,70.69,70.20,62.93,64.40,73.86,77.78,73.28,78.76,77.20,62.72,70.91,53.88,70.19,68.23,68.31,68.38,82.15,68.63,60.50,75.72,54.75,75.78,57.06,68.30,66.10,65.89,73.47,65.97,61.24,65.26,73.26,55.41,80.49,82.48,50.46,64.85,71.05,53.39
Surah 24,89.70,79.41,94.36,93.58,93.05,88.69,93.26,91.73,90.49,93.08,94.93,87.92,95.46,95.15,87.56,93.51,92.15,90.57,89.75,92.91,92.98,87.00,71.60,100.00,87.16,82.53,93.02,83.19,92.79,91.24,89.44,92.99,92.85,87.41,90.74,83.70,90.19,95.53,92.12,95.17,91.05,92.54,89.23,92.80,93.03,91.63,95.27,83.74,92.05,82.69,84.41,92.03,92.87,91.49,87.62,71.03,90.72,92.57,93.90,91.10,94.42,84.15,94.76,89.10,96.02,91.29,85.49,93.85,93.79,94.02,83.34,93.32,90.36,92.30,82.85,79.40,66.85,73.08,93.36,92.72,79.59,77.20,89.31,85.04,91.22,87.88,92.94,66.64,88.09,71.44,91.54,92.45,82.68,69.43,66.07,80.91,59.99,93.41,52.70,87.76,89.59,58.32,64.55,90.34,62.84,70.75,69.56,53.26,69.86,83.72,57.24,75.57,78.64,52.04
Surah 25,90.81,76.07,91.31,89.20,84.86,91.53,85.26,85.10,88.14,90.14,87.55,80.55,89.23,90.09,76.78,89.50,88.81,90.60,90.27,88.77,87.28,78.76,70.32,87.16,100.00,77.47,86.91,84.30,86.73,89.16,85.65,88.40,88.98,90.58,91.21,76.35,90.04,88.68,89.21,87.56,81.34,89.10,82.58,87.29,89.24,86.89,88.24,81.84,85.44,78.87,75.34,84.77,89.44,81.61,90.03,68.17,91.68,88.45,91.80,82.72,91.08,92.61,85.47,91.56,86.62,89.86,90.05,89.31,84.16,89.90,81.83,86.72,83.88,87.97,84.32,79.92,60.32,76.10,81.99,87.24,75.79,68.85,79.94,86.58,82.52,88.84,91.60,61.27,87.12,71.53,88.68,89.65,87.58,70.40,62.47,87.19,65.38,86.99,59.44,88.76,83.77,55.40,61.68,84.69,58.71,70.25,71.44,48.08,69.24,86.11,66.50,85.17,80.11,57.09
Surah 26,81.11,80.42,81.22,80.60,77.29,78.96,86.49,78.13,80.99,86.33,77.97,82.03,84.58,81.29,83.01,79.45,79.55,80.65,79.31,81.07,82.32,74.44,78.72,82.53,77.47,100.00,82.77,82.62,85.12,81.85,83.57,81.77,79.73,76.69,78.22,88.21,85.65,86.49,80.41,78.54,75.72,77.55,82.94,83.83,79.67,77.04,82.10,77.69,78.45,89.06,86.91,85.09,84.39,87.26,85.21,87.88,76.42,83.64,85.91,80.79,79.37,79.70,85.59,75.90,84.38,82.05,77.14,78.54,80.79,78.66,77.36,84.49,83.58,83.49,77.98,81.92,80.74,83.39,85.11,80.37,80.45,82.65,87.39,83.47,81.35,82.79,78.21,71.53,81.95,81.60,84.42,80.59,82.41,76.62,74.27,76.74,62.18,84.94,64.93,83.05,82.25,70.27,68.95,80.73,72.66,73.87,78.36,65.09,69.09,79.14,64.09,72.60,81.54,61.41
Surah 27,89.78,85.74,92.74,92.30,92.75,87.78,91.85,93.49,91.50,94.28,92.91,91.22,94.57,93.94,89.03,94.45,92.01,89.30,90.13,93.87,93.19,83.83,72.65,93.02,86.91,82.77,100.00,83.55,94.14,92.96,94.66,93.09,93.50,90.72,93.17,86.26,89.46,93.98,92.80,93.44,92.82,93.89,91.61,93.28,94.75,92.35,90.67,85.30,92.14,83.41,79.61,90.66,91.38,89.89,91.55,69.64,91.09,92.21,93.41,91.98,95.13,88.04,93.44,89.51,91.76,92.70,84.49,94.48,91.55,91.87,83.79,92.23,90.66,89.97,81.36,76.77,63.73,74.48,90.03,92.25,75.07,72.88,86.64,84.89,86.87,87.96,91.91,63.80,86.25,69.13,89.95,93.15,83.81,62.04,64.47,85.21,57.18,94.48,53.87,88.03,90.44,60.14,60.37,91.17,54.12,73.50,72.68,51.36,72.18,82.76,59.95,76.32,78.68,50.21
Surah 28,82.77,71.73,81.97,79.80,77.38,79.93,83.41,77.21,82.04,84.72,79.68,82.09,84.67,84.42,79.43,81.86,87.07,81.26,83.94,85.06,80.30,73.48,67.44,83.19,84.30,82.62,83.55,100.00,82.67,82.20,77.78,84.19,81.74,80.16,78.14,77.89,86.21,84.66,80.81,81.78,77.66,78.65,83.75,81.80,82.20,79.27,83.36,73.44,78.07,82.77,79.46,82.34,85.18,81.40,89.59,74.80,80.83,82.30,86.07,77.30,84.08,83.64,80.45,80.25,84.08,83.16,81.03,79.89,82.85,83.18,81.14,85.86,81.42,83.60,81.65,82.01,67.64,78.31,84.79,81.19,78.48,72.86,81.31,80.99,79.01,84.68,82.39,62.24,82.84,73.03,86.88,79.34,83.38,74.21,67.15,81.19,63.65,84.32,61.42,84.32,81.73,62.92,62.38,79.63,66.65,73.48,72.81,54.39,68.88,77.83,62.16,74.82,79.83,66.06
Surah 29,89.45,85.77,93.35,91.96,92.15,88.66,93.10,95.24,92.12,95.96,94.60,88.24,94.72,93.37,86.31,94.61,89.94,91.53,88.57,91.76,93.66,84.24,77.01,92.79,86.73,85.12,94.14,82.67,100.00,93.84,92.23,93.16,94.79,89.86,91.34,88.37,90.13,94.91,94.69,92.84,90.63,93.54,89.81,93.71,91.96,91.85,92.83,86.34,94.03,85.00,79.18,90.22,91.92,90.42,89.16,69.29,90.69,93.60,94.38,94.38,95.12,88.69,95.67,89.79,93.92,91.99,82.58,94.31,89.94,91.34,84.75,94.17,88.63,89.41,84.16,77.40,67.38,75.51,88.86,89.64,76.21,74.43,88.79,84.89,89.11,87.68,92.35,59.82,85.77,73.26,87.98,92.61,83.63,64.88,68.24,86.90,57.35,93.70,55.07,86.30,87.38,63.36,66.22,88.89,56.20,70.08,71.74,52.05,73.99,84.64,55.14,76.66,77.92,53.49
Surah 30,89.43,81.28,93.08,92.43,92.50,89.65,91.26,92.30,91.99,93.12,92.95,87.94,94.22,92.94,85.20,94.65,90.73,89.09,87.84,91.47,93.15,86.14,69.20,91.24,89.16,81.85,92.96,82.20,93.84,100.00,89.79,92.04,92.55,90.47,92.91,82.80,90.63,94.22,91.33,92.28,89.17,93.61,88.46,92.48,92.61,91.34,90.62,86.46,92.06,85.47,77.77,87.89,91.62,91.53,90.12,67.68,92.08,90.76,93.61,91.24,93.78,87.76,92.44,90.38,91.61,90.64,84.93,93.88,91.55,91.34,82.94,90.75,90.05,90.64,85.48,78.00,61.11,76.35,88.97,89.63,72.65,70.42,85.78,84.66,86.27,90.49,92.20,64.39,87.80,69.76,89.10,92.55,82.48,63.39,67.22,82.54,62.03,92.22,55.41,87.87,88.88,61.31,62.72,89.73,55.01,72.62,68.26,51.73,69.61,84.30,58.58,76.57,77.71,50.52
Surah 31,91.46,88.23,92.62,89.43,89.66,88.43,90.58,91.13,90.63,93.68,91.78,84.71,92.82,91.82,84.18,91.29,85.13,88.37,88.76,89.18,92.36,82.58,78.40,89.44,85.65,83.57,94.66,77.78,92.23,89.79,100.00,91.45,90.80,88.31,93.63,89.16,89.53,92.58,92.13,89.34,87.88,94.19,86.52,93.03,91.90,89.54,89.04,89.09,91.79,80.01,82.03,90.04,88.98,86.26,86.21,70.12,88.36,90.65,92.29,91.16,92.00,89.92,92.49,88.03,89.73,91.97,85.56,91.64,84.52,87.58,84.22,88.78,88.23,88.47,81.14,77.87,67.05,73.90,84.66,89.30,77.09,77.21,85.76,88.87,84.75,81.95,90.97,65.01,86.77,71.61,85.75,92.00,87.65,67.18,65.96,85.30,58.14,90.70,57.95,85.75,86.40,61.61,64.00,88.10,59.44,71.96,74.68,58.45,75.82,86.81,60.23,74.39,80.19,54.16
Surah 32,89.61,82.94,94.30,93.30,93.81,90.67,93.24,92.28,93.18,94.12,94.84,88.98,95.68,95.06,86.55,95.29,90.80,87.57,91.05,95.39,93.81,87.11,71.52,92.99,88.40,81.77,93.09,84.19,93.16,92.04,91.45,100.00,94.11,89.07,92.82,83.33,91.65,93.81,96.29,95.71,92.39,94.44,90.69,94.34,96.88,96.56,90.50,86.40,92.60,82.11,80.56,90.50,92.56,88.73,89.63,70.03,93.35,93.52,94.27,91.98,94.84,87.47,93.62,92.26,94.43,92.63,86.48,94.79,90.29,91.17,85.86,93.05,91.03,91.44,85.97,77.17,64.32,76.25,89.15,92.09,78.69,76.37,84.87,87.24,85.50,87.96,93.69,61.33,89.10,74.03,89.00,92.77,85.72,67.58,66.42,86.80,62.60,92.52,56.42,86.73,87.89,61.82,60.03,89.02,57.49,70.55,66.94,57.75,73.88,83.75,59.00,76.54,79.90,54.77
Surah 33,88.87,79.48,94.65,96.83,95.13,89.99,93.90,94.86,92.92,95.83,97.28,91.88,95.90,95.01,84.92,97.55,93.62,90.81,93.28,93.96,94.76,86.59,68.83,92.85,88.98,79.73,93.50,81.74,94.79,92.55,90.80,94.11,100.00,93.37,94.77,80.06,89.16,95.35,95.84,95.12,93.30,96.64,92.45,95.81,94.62,94.09,90.84,85.38,95.57,83.05,78.49,89.84,94.05,90.16,90.64,68.11,94.94,97.54,94.74,93.48,97.75,89.59,95.46,92.32,93.87,97.49,87.83,97.41,93.32,93.79,85.56,95.64,90.92,92.14,82.40,75.45,59.76,74.42,90.66,92.91,75.02,69.55,82.79,86.45,83.84,88.48,95.91,59.32,89.13,69.19,89.55,93.94,83.98,65.71,60.08,87.62,57.06,91.84,55.38,88.58,88.76,56.55,57.22,88.12,55.99,67.03,64.40,50.87,73.79,82.36,59.57,76.49,77.80,50.78
Surah 34,88.50,76.89,92.34,89.85,89.53,90.32,87.67,87.49,88.34,93.09,91.99,87.21,91.80,91.80,79.66,93.31,90.90,90.11,90.21,92.33,91.17,83.54,63.30,87.41,90.58,76.69,90.72,80.16,89.86,90.47,88.31,89.07,93.37,100.00,94.08,77.65,90.62,91.23,89.26,90.01,86.70,93.18,86.50,92.22,92.37,89.95,85.77,81.43,89.18,82.09,76.28,86.82,94.14,87.16,91.04,67.56,95.92,90.89,92.81,86.43,94.13,92.50,88.19,92.20,86.81,92.10,90.01,92.86,87.84,92.46,80.71,90.74,88.35,91.61,83.10,78.01,58.69,71.98,86.58,91.09,75.23,66.81,80.55,84.77,82.07,91.24,94.11,62.69,87.00,64.75,89.01,92.20,84.23,63.80,60.31,85.98,66.78,86.55,60.95,90.43,89.98,59.13,59.59,87.37,53.69,66.80,67.74,48.78,68.24,81.26,62.79,82.82,80.06,53.42
Surah 35,90.69,81.28,96.01,93.74,93.17,94.01,90.32,91.99,93.48,94.11,94.67,87.13,94.20,94.43,81.84,95.48,90.85,90.15,92.30,93.33,93.34,85.75,67.72,90.74,91.21,78.22,93.17,78.14,91.34,92.91,93.63,92.82,94.77,94.08,100.00,80.52,90.03,93.36,94.13,93.38,89.54,97.15,87.79,94.29,95.03,94.17,89.66,89.72,92.24,81.56,77.63,88.96,91.71,86.77,89.05,66.90,95.48,93.00,94.97,90.28,96.14,91.30,92.73,93.72,91.13,94.34,89.80,95.04,88.77,92.29,85.64,89.95,88.54,91.12,82.85,77.61,58.58,72.60,86.72,91.28,74.68,70.59,81.69,87.96,84.64,88.90,95.26,64.65,89.48,68.47,88.72,94.30,85.33,65.22,60.58,85.91,61.03,90.29,56.95,88.97,86.93,56.10,57.91,88.66,55.04,69.31,67.21,52.13,69.18,86.23,60.79,78.62,77.54,49.54
Surah 36,84.69,82.37,82.49,79.35,81.17,77.23,86.00,81.24,79.68,85.34,80.91,80.43,84.86,83.36,82.48,80.90,77.24,82.16,77.17,82.21,83.72,74.32,76.78,83.70,76.35,88.21,86.26,77.89,88.37,82.80,89.16,83.33,80.06,77.65,80.52,100.00,84.55,86.51,81.82,79.72,80.36,81.51,83.53,85.39,80.47,78.99,84.08,80.07,82.96,82.33,83.66,82.93,82.59,83.40,80.20,73.32,76.45,80.92,83.93,83.67,82.19,79.54,85.00,75.96,85.11,79.87,74.21,80.81,78.48,79.69,77.72,83.20,81.72,82.42,74.74,78.01,72.43,75.50,82.04,81.20,74.55,80.54,88.11,78.67,81.60,79.74,79.37,64.87,77.28,79.01,79.19,81.99,79.36,67.54,78.97,73.26,54.30,83.44,53.31,76.77,82.19,64.24,72.04,82.73,63.21,69.54,77.51,60.86,69.26,77.75,53.76,69.78,76.81,58.27
Surah 37,93.06,83.83,93.78,88.20,86.94,91.00,90.31,86.65,89.97,92.19,89.01,84.90,93.94,92.31,82.22,90.46,87.90,87.19,89.59,92.62,91.27,84.94,75.34,90.19,90.04,85.65,89.46,86.21,90.13,90.63,89.53,91.65,89.16,90.62,90.03,84.55,100.00,91.68,89.86,88.19,83.70,90.65,85.80,93.19,92.86,89.06,89.44,86.32,88.72,83.31,86.27,92.25,94.00,87.32,89.93,76.71,92.73,89.24,94.09,86.64,90.66,90.80,88.82,92.02,90.00,88.94,91.29,89.15,85.59,88.47,84.03,90.86,91.61,93.73,90.21,85.43,72.20,80.63,88.49,88.32,86.79,82.20,86.94,89.24,87.98,91.70,92.55,72.42,90.18,76.00,91.24,90.30,90.45,77.73,71.78,86.99,72.28,89.39,67.25,89.61,90.69,70.42,71.29,88.37,66.66,76.05,75.27,60.90,77.64,86.40,63.13,82.03,87.38,65.04
Surah 38,90.35,80.10,94.04,95.23,94.20,89.57,95.42,91.81,92.01,96.78,95.77,91.52,96.06,95.82,89.18,95.41,93.87,92.25,91.23,93.05,95.63,88.07,71.38,95.53,88.68,86.49,93.98,84.66,94.91,94.22,92.58,93.81,95.35,91.23,93.36,86.51,91.68,100.00,93.78,95.00,92.38,94.07,91.98,96.13,92.99,93.37,93.66,86.24,93.65,90.21,84.03,90.92,94.74,94.78,91.15,72.67,92.13,94.66,96.11,92.07,95.75,88.04,95.87,89.46,95.00,94.62,88.55,95.23,94.58,94.16,85.59,95.72,91.60,93.50,83.64,82.78,66.06,77.54,93.46,93.25,77.93,74.60,88.05,87.40,87.88,90.33,93.80,67.61,91.24,74.22,91.54,93.77,84.51,70.90,68.28,83.33,60.66,94.75,56.91,91.13,90.44,59.45,64.21,90.07,63.47,73.08,69.82,54.32,72.59,85.18,60.74,77.52,80.08,55.74
Surah 39,89.93,84.04,94.95,94.04,92.48,90.30,92.66,94.61,93.60,95.22,95.65,86.59,95.14,94.34,83.17,95.30,90.39,90.15,91.68,93.25,93.17,84.06,75.85,92.12,89.21,80.41,92.80,80.81,94.69,91.33,92.13,96.29,95.84,89.26,94.13,81.82,89.86,93.78,100.00,94.84,91.44,95.32,89.19,94.12,95.30,95.38,90.90,88.27,94.50,79.33,77.99,89.93,91.07,85.88,87.96,67.69,92.76,94.55,94.61,92.94,95.63,89.25,94.80,92.54,93.51,94.12,86.01,95.26,88.17,90.95,85.65,92.78,87.72,89.71,84.32,75.66,62.45,73.53,86.27,90.47,75.49,73.23,83.49,87.29,85.85,86.45,94.42,58.01,87.95,72.73,86.68,92.19,85.30,67.10,63.02,88.69,57.08,93.96,53.03,85.89,85.41,58.30,59.72,86.88,55.17,67.64,67.26,53.73,78.12,86.22,57.76,77.61,78.50,54.77
Surah 40,86.90,75.11,94.80,94.73,95.93,88.54,91.28,91.30,91.85,94.12,97.09,89.99,94.69,96.71,86.26,95.85,94.85,90.65,90.26,94.68,94.94,87.30,63.59,95.17,87.56,78.54,93.44,81.78,92.84,92.28,89.34,95.71,95.12,90.01,93.38,79.72,88.19,95.00,94.84,100.00,95.28,94.02,91.13,93.58,95.62,96.00,92.39,83.02,92.55,82.19,76.94,90.56,93.27,91.71,88.35,65.86,92.65,93.66,93.57,91.29,96.45,84.91,95.10,89.36,95.08,92.65,83.82,96.97,95.35,95.25,86.88,94.46,89.32,91.46,81.85,75.34,61.48,68.22,92.50,93.44,72.67,69.25,85.80,83.12,86.45,89.02,92.99,59.72,86.58,67.98,90.09,93.69,79.82,61.66,61.72,81.88,56.95,92.69,49.20,87.25,88.99,51.38,56.03,91.15,53.30,66.62,64.84,48.51,64.47,81.07,56.99,76.17,76.08,49.22
Surah 41,82.87,72.71,88.54,92.74,93.92,81.55,90.67,90.19,86.87,90.61,93.84,92.25,90.95,92.79,88.64,93.22,91.54,85.42,86.81,91.80,93.56,83.98,59.71,91.05,81.34,75.72,92.82,77.66,90.63,89.17,87.88,92.39,93.30,86.70,89.54,80.36,83.70,92.38,91.44,95.28,100.00,92.01,93.95,92.92,92.78,93.53,87.25,81.94,91.92,81.81,73.34,85.25,89.61,89.72,85.46,60.56,88.21,91.27,88.39,90.18,93.12,79.90,92.36,84.40,90.72,91.08,78.59,94.38,92.98,91.05,81.94,93.30,88.20,87.65,75.44,68.42,54.97,68.89,90.43,91.30,66.69,63.28,81.66,77.82,80.06,84.38,88.32,54.59,81.27,65.76,84.29,90.58,73.08,54.46,57.81,78.11,49.22,89.89,42.40,82.01,87.35,46.51,51.14,86.01,44.85,62.92,60.21,43.97,63.35,74.46,51.30,69.89,68.44,43.28
Surah 42,91.54,83.83,96.42,95.01,94.96,92.99,92.65,95.47,94.32,94.45,96.84,87.92,96.39,95.56,83.15,96.88,90.61,89.14,92.14,93.69,94.71,87.37,70.90,92.54,89.10,77.55,93.89,78.65,93.54,93.61,94.19,94.44,96.64,93.18,97.15,81.51,90.65,94.07,95.32,94.02,92.01,100.00,89.29,95.49,96.07,94.77,91.04,89.35,96.08,79.52,78.14,90.95,92.01,87.38,88.17,64.90,95.83,94.54,94.81,93.93,97.09,91.24,94.71,95.12,92.69,95.17,88.33,96.54,89.63,92.26,86.11,91.81,90.38,91.45,84.21,74.63,58.71,72.56,87.27,91.79,75.43,72.57,83.19,88.16,84.97,86.57,96.37,60.58,89.36,67.39,88.22,94.71,85.19,65.24,60.29,86.98,60.24,90.94,55.12,87.16,87.52,57.77,58.84,88.16,53.47,68.74,65.97,52.88,74.11,85.86,56.66,76.06,76.65,48.76
Surah 43,83.66,73.66,86.87,91.65,90.73,82.81,91.36,87.59,87.06,90.67,90.55,94.54,90.76,91.04,91.00,91.85,90.87,83.79,87.80,91.91,90.30,82.24,61.46,89.23,82.58,82.94,91.61,83.75,89.81,88.46,86.52,90.69,92.45,86.50,87.79,83.53,85.80,91.98,89.19,91.13,93.95,89.29,100.00,92.32,89.74,89.75,85.39,81.84,88.09,88.03,78.92,85.67,89.77,89.33,90.45,70.28,87.62,91.15,88.68,87.44,90.70,81.79,89.96,84.44,89.96,91.17,81.52,91.50,91.90,89.56,86.03,93.17,89.63,88.62,77.24,76.53,61.14,80.83,90.96,90.70,72.11,70.58,81.57,80.18,78.66,87.58,87.24,60.15,83.67,75.00,86.54,88.26,77.26,63.86,67.56,81.02,52.30,88.73,50.68,83.91,87.13,56.12,52.89,84.89,54.88,67.37,65.95,52.72,67.08,75.54,57.99,72.18,74.90,51.27
Surah 44,90.94,81.02,94.21,94.20,93.99,90.28,95.18,91.83,92.64,95.59,95.55,91.74,95.98,95.84,87.07,96.12,92.81,89.07,92.73,94.34,95.51,87.63,69.57,92.80,87.29,83.83,93.28,81.80,93.71,92.48,93.03,94.34,95.81,92.22,94.29,85.39,93.19,96.13,94.12,93.58,92.92,95.49,92.32,100.00,95.24,93.70,89.72,89.56,94.39,85.95,83.67,91.65,94.79,91.35,90.18,71.28,94.08,94.55,94.97,92.42,95.24,89.43,94.89,91.61,93.49,95.02,89.52,95.49,91.77,91.90,86.94,95.70,94.46,93.85,85.75,80.73,65.84,78.84,91.30,91.84,80.26,74.57,85.54,87.74,86.01,88.66,94.42,65.95,89.90,73.60,90.19,94.13,85.56,70.77,65.95,85.41,65.37,91.89,58.28,89.36,90.43,61.25,61.31,88.50,60.21,71.75,68.61,57.89,74.63,84.11,59.77,76.49,80.69,57.09
Surah 45,91.54,83.40,95.63,93.12,93.45,92.21,92.31,92.79,93.50,93.46,94.67,88.95,96.30,95.85,85.39,95.68,91.69,87.98,91.94,95.97,94.42,87.10,69.82,93.03,89.24,79.67,94.75,82.20,91.96,92.61,91.90,96.88,94.62,92.37,95.03,80.47,92.86,92.99,95.30,95.62,92.78,96.07,89.74,95.24,100.00,96.81,89.69,87.52,93.36,80.17,80.55,92.41,93.67,88.49,90.26,69.33,95.95,93.57,95.07,91.20,95.90,89.38,92.88,94.68,92.55,93.46,88.62,94.92,90.51,92.48,84.75,92.77,92.35,92.91,86.68,77.73,64.25,74.23,89.83,92.66,79.70,74.91,84.56,88.21,86.77,89.24,95.27,64.99,89.47,69.14,91.05,94.11,86.36,66.86,62.88,87.24,66.72,92.45,58.15,89.10,90.55,60.53,59.19,90.11,55.29,71.68,68.35,54.50,73.37,84.60,60.33,79.42,80.05,53.00
Surah 46,86.17,79.42,93.45,93.38,93.56,91.12,91.05,91.10,91.73,92.18,94.40,88.27,94.34,94.26,84.02,95.61,89.87,86.05,88.05,94.46,94.59,87.37,63.70,91.63,86.89,77.04,92.35,79.27,91.85,91.34,89.54,96.56,94.09,89.95,94.17,78.99,89.06,93.37,95.38,96.00,93.53,94.77,89.75,93.70,96.81,100.00,88.00,84.74,91.89,81.40,75.42,88.82,91.37,88.24,88.07,62.58,94.51,92.20,93.76,89.86,95.17,85.23,92.80,93.21,91.52,91.22,85.16,95.21,90.45,91.11,82.33,91.63,87.97,90.05,81.68,74.08,57.32,70.48,87.38,91.66,73.62,70.33,81.53,82.69,83.92,87.75,93.29,60.05,87.00,68.23,87.71,92.61,80.01,60.73,60.66,84.24,56.10,91.26,52.30,84.45,86.36,56.33,53.26,87.38,49.77,65.68,59.87,48.51,68.28,78.80,54.22,75.14,75.26,46.90
Surah 47,89.61,80.40,93.60,90.45,90.07,89.16,90.48,91.34,89.05,92.64,92.38,83.82,92.60,93.31,85.32,90.48,90.10,93.60,89.14,89.49,89.86,82.38,76.72,95.27,88.24,82.10,90.67,83.36,92.83,90.62,89.04,90.50,90.84,85.77,89.66,84.08,89.44,93.66,90.90,92.39,87.25,91.04,85.39,89.72,89.69,88.00,100.00,85.25,90.76,81.30,81.43,89.58,90.27,88.90,86.53,70.60,87.83,90.24,93.70,91.82,93.14,86.61,93.42,87.71,94.51,89.90,83.56,90.91,89.50,91.60,84.47,90.27,86.25,89.11,82.50,78.30,67.46,71.80,90.15,89.40,76.99,75.05,88.00,85.61,91.96,86.35,90.91,61.07,86.07,71.13,89.28,90.76,84.46,69.61,67.15,81.96,58.91,92.81,52.34,88.11,86.68,55.98,72.54,89.24,62.09,71.70,69.84,51.42,69.48,87.72,58.11,74.95,75.88,52.60
Surah 48,87.68,83.23,89.45,84.36,83.66,89.16,87.02,88.46,88.58,86.49,86.21,79.11,87.51,86.83,77.71,85.66,80.57,82.58,86.60,85.00,84.82,78.88,73.97,83.74,81.84,77.69,85.30,73.44,86.34,86.46,89.09,86.40,85.38,81.43,89.72,80.07,86.32,86.24,88.27,83.02,81.94,89.35,81.84,89.56,87.52,84.74,85.25,100.00,86.51,76.74,77.87,85.04,83.48,77.75,80.88,66.59,85.19,85.59,88.86,87.38,85.76,84.76,87.46,87.09,85.12,86.88,83.42,85.72,77.82,79.46,84.30,83.21,84.34,84.33,81.11,75.42,62.72,77.21,78.19,81.34,73.66,74.91,78.74,85.76,81.01,79.24,87.49,59.74,85.91,73.29,81.07,86.42,85.49,72.15,64.08,85.08,60.69,85.66,56.27,81.05,77.82,63.36,63.86,78.65,56.75,68.53,66.23,60.43,75.25,89.70,54.14,68.65,73.00,52.51
Surah 49,90.63,81.96,93.18,93.80,94.33,87.51,93.60,94.84,91.92,93.37,95.78,87.03,95.22,93.24,83.96,95.21,89.18,89.11,90.21,92.33,93.70,86.11,73.17,92.05,85.44,78.45,92.14,78.07,94.03,92.06,91.79,92.60,95.57,89.18,92.24,82.96,88.72,93.65,94.50,92.55,91.92,96.08,88.09,94.39,93.36,91.89,90.76,86.51,100.00,78.84,79.26,90.23,90.62,88.16,85.70,65.72,90.90,93.43,92.67,95.99,96.03,86.68,94.49,89.80,93.81,93.56,83.45,94.80,89.05,89.71,83.57,93.50,90.27,89.99,83.53,73.91,61.32,71.99,87.87,89.94,74.50,72.16,84.35,85.55,84.59,84.87,93.96,59.08,86.76,69.43,85.99,91.84,82.35,65.05,62.88,84.53,57.75,91.32,53.27,83.94,88.36,57.29,62.97,86.26,54.35,69.02,67.34,52.79,76.25,82.47,52.67,74.81,75.88,51.47
Surah 50,78.43,68.97,80.57,83.15,81.76,79.85,86.91,77.64,80.29,87.30,81.30,88.28,83.83,83.22,86.06,83.46,84.91,81.14,80.91,83.55,84.62,78.35,60.39,82.69,78.87,89.06,83.41,82.77,85.00,85.47,80.01,82.11,83.05,82.09,81.56,82.33,83.31,90.21,79.33,82.19,81.81,79.52,88.03,85.95,80.17,81.40,81.30,76.74,78.84,100.00,78.52,79.98,86.65,89.93,88.02,73.96,80.41,83.96,86.73,78.58,82.96,78.69,84.61,77.00,83.98,83.35,78.69,82.37,86.60,83.04,78.03,87.62,83.39,83.76,73.61,81.49,65.52,80.78,87.56,82.01,71.73,68.45,80.84,77.74,77.98,86.27,79.95,66.78,83.65,74.57,85.49,81.52,74.31,67.06,69.45,74.01,56.02,84.91,58.38,85.50,82.53,59.53,58.04,79.26,64.13,73.16,68.20,50.58,59.63,74.23,59.72,69.22,74.05,56.13
Surah 51,84.48,75.15,81.23,78.60,76.68,78.74,84.02,75.89,79.03,81.63,78.33,77.83,84.16,81.46,80.34,78.36,76.77,77.43,79.79,81.91,79.81,75.43,74.56,84.41,75.34,86.91,79.61,79.46,79.18,77.77,82.03,80.56,78.49,76.28,77.63,83.66,86.27,84.03,77.99,76.94,73.34,78.14,78.92,83.67,80.55,75.42,81.43,77.87,79.26,78.52,100.00,86.65,84.14,81.96,80.27,85.97,77.62,81.89,82.66,79.46,79.22,77.08,81.29,77.34,84.01,81.28,81.95,76.58,77.38,78.83,75.93,82.56,84.64,88.56,81.82,82.53,81.60,78.90,85.29,82.75,87.19,86.90,86.18,85.83,81.31,79.88,81.22,78.31,82.89,78.83,84.13,80.18,85.65,82.34,74.33,74.65,67.74,79.41,68.91,83.50,84.75,72.17,76.74,80.72,77.30,70.77,75.43,75.34,75.46,77.87,64.50,73.16,85.66,68.55
Surah 52,89.44,83.78,93.97,87.90,87.66,89.83,90.78,89.26,91.05,91.83,90.25,84.98,94.33,92.71,82.47,90.70,87.22,87.84,89.13,92.08,90.82,83.86,75.18,92.03,84.77,85.09,90.66,82.34,90.22,87.89,90.04,90.50,89.84,86.82,88.96,82.93,92.25,90.92,89.93,90.56,85.25,90.95,85.67,91.65,92.41,88.82,89.58,85.04,90.23,79.98,86.65,100.00,92.41,87.16,87.24,77.69,89.69,89.79,92.19,89.75,91.38,86.66,93.00,90.17,91.10,89.67,87.21,90.39,87.06,88.94,84.99,90.76,90.18,92.98,87.42,80.41,77.74,72.24,88.97,89.27,83.84,84.44,90.91,89.59,89.75,86.74,92.26,70.87,88.72,72.01,92.24,91.41,88.12,74.78,66.62,87.38,66.04,89.22,63.01,86.54,89.30,67.77,68.45,87.79,65.00,72.64,78.05,60.80,76.17,84.66,59.79,79.12,84.66,58.71
Surah 53,88.93,78.69,94.21,91.61,91.27,89.19,92.60,88.37,89.32,94.32,93.56,90.36,94.83,95.04,85.99,93.84,93.33,91.18,91.96,94.81,94.51,87.78,67.79,92.87,89.44,84.39,91.38,85.18,91.92,91.62,88.98,92.56,94.05,94.14,91.71,82.59,94.00,94.74,91.07,93.27,89.61,92.01,89.77,94.79,93.67,91.37,90.27,83.48,90.62,86.65,84.14,92.41,100.00,92.29,91.24,76.43,94.24,93.61,94.72,89.09,94.09,88.97,93.21,91.01,92.83,93.08,91.22,94.10,92.77,93.97,83.82,95.61,92.94,95.99,86.11,82.73,68.45,75.60,93.92,94.16,82.78,76.16,88.51,88.39,87.50,93.37,94.77,70.08,90.22,71.05,93.67,93.97,87.45,72.56,64.80,86.35,68.26,89.70,64.09,92.16,94.17,63.75,63.98,90.37,63.80,71.14,71.23,56.82,72.15,83.46,63.85,81.52,85.34,59.94
Surah 54,83.41,73.15,87.77,90.89,91.61,82.41,90.85,85.31,85.88,91.55,90.94,89.98,91.50,90.88,87.93,91.59,90.50,86.86,83.22,89.22,92.98,85.81,62.77,91.49,81.61,87.26,89.89,81.40,90.42,91.53,86.26,88.73,90.16,87.16,86.77,83.40,87.32,94.78,85.88,91.71,89.72,87.38,89.33,91.35,88.49,88.24,88.90,77.75,88.16,89.93,81.96,87.16,92.29,100.00,88.78,72.52,86.59,89.64,90.96,87.71,90.24,80.85,91.82,81.56,92.13,87.94,81.11,91.40,95.58,90.69,78.68,92.58,90.65,90.76,78.71,77.79,67.32,74.13,94.34,90.10,74.99,71.08,88.28,80.24,84.10,89.36,86.55,69.35,85.55,69.84,89.62,89.92,76.71,62.42,68.62,74.32,60.06,90.98,53.38,87.53,91.44,57.61,62.40,89.55,60.37,70.93,66.54,52.15,61.87,75.45,59.49,71.12,76.77,50.14
Surah 55,88.53,78.03,88.27,89.38,86.71,88.23,89.43,86.04,87.71,91.92,87.31,90.57,91.34,89.77,84.46,91.83,92.34,87.00,89.99,91.62,88.44,80.38,67.85,87.62,90.03,85.21,91.55,89.59,89.16,90.12,86.21,89.63,90.64,91.04,89.05,80.20,89.93,91.15,87.96,88.35,85.46,88.17,90.45,90.18,90.26,88.07,86.53,80.88,85.70,88.02,80.27,87.24,91.24,88.78,100.00,75.89,90.39,89.62,92.30,85.25,91.21,90.39,87.17,88.49,87.67,91.01,88.33,89.72,89.70,89.96,83.51,90.43,89.39,89.66,84.42,83.71,65.96,83.71,88.03,88.89,78.77,71.16,82.29,85.60,82.55,91.97,90.25,66.56,90.00,72.20,93.27,89.74,85.98,70.01,67.83,86.91,66.64,90.22,62.15,92.44,88.41,65.43,60.36,87.12,61.35,76.81,71.83,54.33,71.19,81.31,68.89,78.74,82.31,59.76
Surah 56,72.02,68.58,70.90,68.54,64.26,68.11,75.07,65.17,69.80,73.88,65.91,71.05,73.24,70.08,72.47,66.72,69.60,70.13,72.37,72.15,67.26,65.53,71.36,71.03,68.17,87.88,69.64,74.80,69.29,67.68,70.12,70.03,68.11,67.56,66.90,73.32,76.71,72.67,67.69,65.86,60.56,64.90,70.28,71.28,69.33,62.58,70.60,66.59,65.72,73.96,85.97,77.69,76.43,72.52,75.89,100.00,66.82,73.32,74.21,68.28,67.83,69.86,71.86,65.84,73.07,73.19,71.29,64.29,67.97,68.48,68.96,72.57,74.64,77.17,73.13,75.60,81.54,77.31,77.71,71.11,79.84,79.10,76.59,81.66,70.75,74.65,68.39,69.70,73.97,73.84,77.56,70.15,79.64,77.99,65.62,69.08,64.53,70.63,72.85,77.45,75.19,69.60,66.28,69.35,69.99,65.32,71.89,68.86,66.28,71.77,65.17,69.48,77.74,61.44
Surah 57,90.11,79.63,95.48,92.72,91.52,94.55,89.89,90.79,92.17,92.85,93.77,87.28,95.27,94.29,79.85,95.69,91.52,87.03,91.48,94.72,93.22,87.56,64.97,90.72,91.68,76.42,91.09,80.83,90.69,92.08,88.36,93.35,94.94,95.92,95.48,76.45,92.73,92.13,92.76,92.65,88.21,95.83,87.62,94.08,95.95,94.51,87.83,85.19,90.90,80.41,77.62,89.69,94.24,86.59,90.39,66.82,100.00,93.02,94.83,88.50,96.12,91.08,91.02,97.59,89.90,93.03,91.36,94.56,89.30,92.21,83.39,90.97,90.41,92.92,86.60,77.17,59.50,73.61,87.40,91.83,78.50,72.48,81.31,87.15,84.45,91.14,96.58,63.73,88.73,67.99,91.40,94.09,85.65,66.68,59.91,87.05,67.07,87.82,61.32,89.18,89.27,60.23,57.16,87.79,53.21,67.42,64.67,51.59,72.41,82.37,60.30,81.90,80.61,51.21
Surah 58,88.49,80.04,93.82,96.48,93.19,89.74,93.35,92.76,91.67,94.93,95.86,90.27,95.07,94.15,85.85,95.43,92.34,89.42,92.85,92.45,94.26,86.97,72.76,92.57,88.45,83.64,92.21,82.30,93.60,90.76,90.65,93.52,97.54,90.89,93.00,80.92,89.24,94.66,94.55,93.66,91.27,94.54,91.15,94.55,93.57,92.20,90.24,85.59,93.43,83.96,81.89,89.79,93.61,89.64,89.62,73.32,93.02,100.00,94.54,91.69,95.64,88.59,95.25,90.65,94.04,97.30,86.82,95.29,92.14,93.08,85.72,95.45,90.80,91.66,82.45,77.13,64.03,77.40,91.16,92.07,77.92,73.03,84.13,89.23,84.67,87.41,94.28,63.29,89.34,71.84,91.00,93.12,84.98,69.89,60.66,86.90,59.27,91.00,61.05,89.90,88.35,58.74,57.82,87.59,60.09,69.09,66.77,54.01,73.27,84.08,63.05,76.82,78.96,52.16
Surah 59,91.39,84.93,96.40,93.16,91.56,94.18,94.66,92.73,94.25,96.44,94.41,87.90,96.34,95.69,84.76,94.89,92.77,92.14,93.28,93.79,94.41,86.93,74.87,93.90,91.80,85.91,93.41,86.07,94.38,93.61,92.29,94.27,94.74,92.81,94.97,83.93,94.09,96.11,94.61,93.57,88.39,94.81,88.68,94.97,95.07,93.76,93.70,88.86,92.67,86.73,82.66,92.19,94.72,90.96,92.30,74.21,94.83,94.54,100.00,91.28,96.29,93.45,94.68,94.04,93.89,94.14,89.75,94.06,91.07,93.15,87.03,93.62,90.01,92.65,86.46,82.35,65.87,77.23,90.06,90.84,80.50,75.42,86.33,89.72,90.45,90.57,95.49,65.89,92.16,72.24,92.63,92.99,88.64,72.58,64.70,88.28,64.50,95.16,62.01,92.14,88.46,64.48,63.66,88.84,63.02,76.12,70.71,53.10,73.71,89.44,62.27,80.65,81.16,55.43
Surah 60,87.02,84.08,91.68,91.71,93.34,86.79,92.38,95.50,91.42,92.57,94.16,86.43,92.89,91.75,84.65,93.01,88.08,89.19,89.23,90.67,90.81,83.94,75.61,91.10,82.72,80.79,91.98,77.30,94.38,91.24,91.16,91.98,93.48,86.43,90.28,83.67,86.64,92.07,92.94,91.29,90.18,93.93,87.44,92.42,91.20,89.86,91.82,87.38,95.99,78.58,79.46,89.75,89.09,87.71,85.25,68.28,88.50,91.69,91.28,100.00,93.59,85.25,95.20,88.54,92.70,92.46,81.28,93.90,88.22,87.90,84.05,91.35,88.87,88.46,83.87,70.59,65.66,71.39,87.20,89.98,72.74,73.02,85.08,84.80,86.60,83.24,91.84,57.29,84.73,71.10,85.74,92.51,82.71,63.61,63.82,84.85,55.68,91.21,52.54,83.60,86.00,59.43,66.30,86.67,52.63,67.69,66.90,55.96,73.47,82.37,53.67,70.90,74.57,48.66
Surah 61,91.17,80.38,96.15,95.27,95.41,91.93,93.36,94.39,93.58,95.89,97.25,90.39,96.53,96.23,84.84,97.48,94.80,91.90,93.57,95.58,95.27,86.97,68.99,94.42,91.08,79.37,95.13,84.08,95.12,93.78,92.00,94.84,97.75,94.13,96.14,82.19,90.66,95.75,95.63,96.45,93.12,97.09,90.70,95.24,95.90,95.17,93.14,85.76,96.03,82.96,79.22,91.38,94.09,90.24,91.21,67.83,96.12,95.64,96.29,93.59,100.00,90.81,95.57,93.64,94.88,95.71,87.16,97.32,93.26,95.16,86.60,94.86,90.51,92.49,84.70,76.87,61.33,72.43,91.29,93.21,76.01,71.16,85.47,87.14,86.89,89.95,96.57,61.13,89.01,69.32,91.35,94.88,84.75,65.18,61.42,86.97,59.72,92.85,55.13,89.34,90.09,56.95,60.08,89.85,54.41,69.65,67.66,49.59,71.63,83.92,58.15,79.92,78.49,51.00
Surah 62,90.57,81.97,91.11,85.29,82.83,90.23,86.13,86.86,88.96,92.22,87.15,80.49,89.29,89.42,74.97,88.84,86.77,88.62,90.22,86.84,87.21,77.30,74.88,84.15,92.61,79.70,88.04,83.64,88.69,87.76,89.92,87.47,89.59,92.50,91.30,79.54,90.80,88.04,89.25,84.91,79.90,91.24,81.79,89.43,89.38,85.23,86.61,84.76,86.68,78.69,77.08,86.66,88.97,80.85,90.39,69.86,91.08,88.59,93.45,85.25,90.81,100.00,86.59,92.14,84.63,90.47,90.28,88.18,80.93,87.18,84.12,86.43,83.51,86.72,84.61,79.84,64.62,74.47,80.15,84.24,78.82,70.33,79.25,88.74,83.35,84.53,91.97,61.49,88.27,67.74,87.73,87.84,89.81,71.76,60.45,90.18,66.28,88.05,64.83,89.84,82.29,62.37,62.85,82.56,61.59,73.41,73.40,51.20,74.50,88.65,64.86,80.45,80.66,60.85
Surah 63,86.67,83.59,94.80,94.06,94.19,90.04,94.21,94.80,93.31,96.00,96.03,89.71,95.56,94.96,86.78,94.68,91.16,91.39,90.44,92.20,95.38,87.19,73.42,94.76,85.47,85.59,93.44,80.45,95.67,92.44,92.49,93.62,95.46,88.19,92.73,85.00,88.82,95.87,94.80,95.10,92.36,94.71,89.96,94.89,92.88,92.80,93.42,87.46,94.49,84.61,81.29,93.00,93.21,91.82,87.17,71.86,91.02,95.25,94.68,95.20,95.57,86.59,100.00,90.26,95.41,93.95,84.32,96.28,92.95,91.85,86.11,94.96,89.78,90.78,82.57,75.66,67.81,71.70,91.50,91.99,76.31,75.97,89.56,87.27,89.61,85.88,93.06,62.49,88.51,72.24,89.48,93.86,83.36,67.70,63.17,85.07,55.39,93.67,54.03,87.01,87.58,60.44,61.00,89.54,59.78,67.88,68.95,54.75,72.58,85.39,56.66,74.08,77.29,50.97
Surah 64,89.81,84.62,94.85,89.89,87.72,96.45,88.54,91.79,92.93,91.22,90.73,83.23,94.07,92.13,77.17,92.83,87.28,86.09,90.30,92.34,90.43,84.81,70.89,89.10,91.56,75.90,89.51,80.25,89.79,90.38,88.03,92.26,92.32,92.20,93.72,75.96,92.02,89.46,92.54,89.36,84.40,95.12,84.44,91.61,94.68,93.21,87.71,87.09,89.80,77.00,77.34,90.17,91.01,81.56,88.49,65.84,97.59,90.65,94.04,88.54,93.64,92.14,90.26,100.00,87.77,90.98,91.44,91.91,84.08,88.44,83.41,87.73,87.46,90.20,87.31,76.88,60.56,73.54,82.58,88.91,79.37,75.95,80.15,87.85,86.27,87.53,95.81,61.99,89.14,69.02,89.28,91.96,88.00,69.62,59.96,90.26,66.18,87.36,61.77,86.63,84.86,64.30,59.62,84.74,55.61,67.60,65.64,52.79,76.56,85.71,57.84,81.13,79.93,52.46
Surah 65,89.33,78.70,93.70,94.01,94.95,87.98,93.89,91.51,91.57,93.75,95.66,88.32,95.33,95.77,88.70,94.73,91.96,90.30,89.32,93.80,93.64,86.83,72.06,96.02,86.62,84.38,91.76,84.08,93.92,91.61,89.73,94.43,93.87,86.81,91.13,85.11,90.00,95.00,93.51,95.08,90.72,92.69,89.96,93.49,92.55,91.52,94.51,85.12,93.81,83.98,84.01,91.10,92.83,92.13,87.67,73.07,89.90,94.04,93.89,92.70,94.88,84.63,95.41,87.77,100.00,92.03,83.65,94.44,93.23,92.64,85.53,94.85,90.62,92.02,83.44,78.55,67.53,75.71,92.83,92.06,79.21,77.98,89.67,86.37,88.71,88.61,92.28,65.40,88.10,74.17,89.91,91.87,83.58,69.24,68.80,81.51,60.60,93.07,54.21,86.99,89.46,60.74,66.15,90.20,62.80,73.21,69.85,58.85,70.61,83.51,59.39,74.16,79.45,54.96
Surah 66,89.96,80.01,93.17,95.53,92.49,89.84,93.59,92.79,92.19,95.37,95.14,90.48,94.38,93.78,84.96,94.94,93.15,90.63,95.70,92.40,92.35,85.33,72.09,91.29,89.86,82.05,92.70,83.16,91.99,90.64,91.97,92.63,97.49,92.10,94.34,79.87,88.94,94.62,94.12,92.65,91.08,95.17,91.17,95.02,93.46,91.22,89.90,86.88,93.56,83.35,81.28,89.67,93.08,87.94,91.01,73.19,93.03,97.30,94.14,92.46,95.71,90.47,93.95,90.98,92.03,100.00,89.80,94.77,90.94,92.68,86.71,94.25,90.68,91.73,83.36,78.64,63.28,77.40,89.87,92.15,77.43,70.39,82.22,90.39,83.51,86.73,94.95,62.48,90.34,70.70,90.33,93.17,86.91,70.71,59.32,88.37,60.20,90.91,60.90,91.46,88.01,56.77,58.32,86.70,59.96,70.06,67.88,54.72,75.14,85.07,64.96,77.14,78.46,55.09
Surah 67,89.13,76.38,89.89,86.50,82.47,89.66,85.57,82.48,86.46,89.10,85.81,82.01,89.57,88.75,76.27,88.12,85.80,84.74,89.27,87.38,86.35,82.06,66.98,85.49,90.05,77.14,84.49,81.03,82.58,84.93,85.56,86.48,87.83,90.01,89.80,74.21,91.29,88.55,86.01,83.82,78.59,88.33,81.52,89.52,88.62,85.16,83.56,83.42,83.45,78.69,81.95,87.21,91.22,81.11,88.33,71.29,91.36,86.82,89.75,81.28,87.16,90.28,84.32,91.44,83.65,89.80,100.00,86.56,82.29,86.15,80.21,85.95,88.31,92.02,87.00,85.46,63.23,76.73,82.34,87.42,83.51,75.37,78.75,88.80,80.86,87.56,92.51,72.63,92.78,70.26,88.92,89.07,89.80,79.90,61.84,86.96,73.57,83.27,67.94,91.07,85.06,63.35,63.29,83.31,70.29,71.73,70.89,60.53,77.09,84.31,69.48,79.91,85.04,65.77
Surah 68,87.83,78.29,95.15,96.46,97.10,89.95,92.63,93.74,92.71,94.95,97.77,90.74,95.78,96.30,85.15,97.82,93.66,91.29,91.43,94.43,96.14,87.78,64.76,93.85,89.31,78.54,94.48,79.89,94.31,93.88,91.64,94.79,97.41,92.86,95.04,80.81,89.15,95.23,95.26,96.97,94.38,96.54,91.50,95.49,94.92,95.21,90.91,85.72,94.80,82.37,76.58,90.39,94.10,91.40,89.72,64.29,94.56,95.29,94.06,93.90,97.32,88.18,96.28,91.91,94.44,94.77,86.56,100.00,95.04,94.26,84.13,94.95,90.86,92.08,82.12,73.63,59.27,70.62,90.53,94.22,72.56,68.94,85.20,84.66,84.76,88.86,95.34,60.15,88.48,67.74,90.11,95.90,81.74,61.88,61.30,85.59,55.78,92.46,51.24,87.56,89.08,54.49,55.46,90.57,52.01,65.86,64.88,50.11,68.96,81.11,58.06,75.05,77.34,48.70
Surah 69,82.80,69.43,89.45,93.92,94.39,83.14,90.94,87.12,87.57,91.40,93.56,92.11,92.52,93.38,86.94,93.88,95.23,87.35,87.01,91.37,93.13,85.88,57.57,93.79,84.16,80.79,91.55,82.85,89.94,91.55,84.52,90.29,93.32,87.84,88.77,78.48,85.59,94.58,88.17,95.35,92.98,89.63,91.90,91.77,90.51,90.45,89.50,77.82,89.05,86.60,77.38,87.06,92.77,95.58,89.70,67.97,89.30,92.14,91.07,88.22,93.26,80.93,92.95,84.08,93.23,90.94,82.29,95.04,100.00,93.61,80.61,94.03,90.44,90.18,78.03,74.91,60.02,71.45,95.26,92.17,71.22,66.25,85.28,78.75,83.01,89.44,89.27,63.43,86.08,65.18,91.05,91.69,74.80,60.55,62.21,75.31,55.11,91.22,48.07,87.73,89.80,50.78,52.32,89.64,55.16,67.22,63.94,46.37,61.06,74.94,58.01,70.77,73.96,47.15
Surah 70,87.28,73.31,93.34,93.12,92.67,87.31,90.56,88.57,89.00,93.84,94.69,89.90,93.25,95.58,85.77,94.57,94.57,91.85,90.66,93.75,92.42,85.56,63.59,94.02,89.90,78.66,91.87,83.18,91.34,91.34,87.58,91.17,93.79,92.46,92.29,79.69,88.47,94.16,90.95,95.25,91.05,92.26,89.56,91.90,92.48,91.11,91.60,79.46,89.71,83.04,78.83,88.94,93.97,90.69,89.96,68.48,92.21,93.08,93.15,87.90,95.16,87.18,91.85,88.44,92.64,92.68,86.15,94.26,93.61,100.00,83.22,93.77,88.62,93.01,83.05,78.39,59.38,69.96,92.40,93.74,74.34,67.33,84.95,84.13,86.61,90.92,93.10,64.11,86.12,67.03,91.16,92.68,80.80,63.73,59.41,81.01,62.07,90.06,52.97,91.31,90.28,53.12,58.53,90.37,55.30,69.35,66.38,45.79,62.19,80.78,62.26,80.83,76.05,50.43
Surah 71,84.21,75.83,86.51,83.18,82.70,85.11,85.01,84.12,87.99,87.15,85.69,82.29,85.05,87.07,78.84,84.66,87.23,81.92,87.95,85.19,83.51,77.82,68.27,83.34,81.83,77.36,83.79,81.14,84.75,82.94,84.22,85.86,85.56,80.71,85.64,77.72,84.03,85.59,85.65,86.88,81.94,86.11,86.03,86.94,84.75,82.33,84.47,84.30,83.57,78.03,75.93,84.99,83.82,78.68,83.51,68.96,83.39,85.72,87.03,84.05,86.60,84.12,86.11,83.41,85.53,86.71,80.21,84.13,80.61,83.22,100.00,85.44,83.00,83.36,80.79,77.30,64.90,74.67,80.85,80.82,73.91,71.65,77.52,83.77,80.54,81.76,84.95,57.33,82.74,72.75,83.62,83.76,82.88,70.50,61.23,83.33,59.65,83.19,57.28,81.21,78.02,59.40,59.21,79.31,59.12,71.18,67.78,54.14,68.02,85.08,54.59,73.24,74.76,54.86
Surah 72,87.55,76.50,91.71,93.76,93.64,85.90,94.74,90.39,89.89,95.74,95.38,92.53,94.43,95.49,89.77,95.21,93.86,91.39,91.37,93.95,94.43,85.85,67.14,93.32,86.72,84.49,92.23,85.86,94.17,90.75,88.78,93.05,95.64,90.74,89.95,83.20,90.86,95.72,92.78,94.46,93.30,91.81,93.17,95.70,92.77,91.63,90.27,83.21,93.50,87.62,82.56,90.76,95.61,92.58,90.43,72.57,90.97,95.45,93.62,91.35,94.86,86.43,94.96,87.73,94.85,94.25,85.95,94.95,94.03,93.77,85.44,100.00,91.85,93.26,84.93,80.81,66.74,76.22,94.27,93.10,78.61,72.32,87.79,85.73,85.65,89.58,92.58,63.36,88.13,73.79,90.30,91.70,82.66,70.75,64.56,84.81,61.12,92.22,57.11,89.99,91.39,59.20,60.51,88.74,61.88,71.66,69.92,55.45,71.80,81.45,61.45,78.05,79.54,60.08
Surah 73,89.46,79.08,90.23,91.43,90.53,86.48,91.37,87.46,88.28,90.35,90.46,90.52,93.70,91.41,86.25,92.39,90.62,83.71,89.46,92.24,91.38,86.08,67.72,90.36,83.88,83.58,90.66,81.42,88.63,90.05,88.23,91.03,90.92,88.35,88.54,81.72,91.61,91.60,87.72,89.32,88.20,90.38,89.63,94.46,92.35,87.97,86.25,84.34,90.27,83.39,84.64,90.18,92.94,90.65,89.39,74.64,90.41,90.80,90.01,88.87,90.51,83.51,89.78,87.46,90.62,90.68,88.31,90.86,90.44,88.62,83.00,91.85,100.00,93.92,86.40,80.39,66.68,82.40,91.07,90.41,81.24,77.75,85.33,86.22,82.49,89.63,91.40,71.62,88.56,74.82,91.36,93.06,85.31,72.47,67.56,81.68,74.14,87.33,60.96,87.89,92.38,65.01,64.67,87.99,62.02,74.58,70.42,63.46,73.77,79.57,63.07,76.55,83.31,55.70
Surah 74,90.60,77.25,93.30,91.97,91.08,88.70,91.81,87.62,88.85,92.21,92.18,88.34,94.56,94.27,85.47,93.50,90.94,88.46,90.28,93.83,92.10,87.53,67.41,92.30,87.97,83.49,89.97,83.60,89.41,90.64,88.47,91.44,92.14,91.61,91.12,82.42,93.73,93.50,89.71,91.46,87.65,91.45,88.62,93.85,92.91,90.05,89.11,84.33,89.99,83.76,88.56,92.98,95.99,90.76,89.66,77.17,92.92,91.66,92.65,88.46,92.49,86.72,90.78,90.20,92.02,91.73,92.02,92.08,90.18,93.01,83.36,93.26,93.92,100.00,89.48,83.58,69.07,78.15,92.78,94.61,83.46,79.56,88.52,89.96,85.82,93.11,94.59,74.56,90.05,76.49,92.74,94.08,88.40,76.78,67.34,84.21,72.37,87.76,64.88,91.68,93.54,65.55,69.85,91.30,65.13,73.78,70.85,64.49,73.91,81.96,67.62,82.49,86.44,60.84
Surah 75,87.80,77.10,86.53,81.26,80.41,84.99,84.04,81.80,85.30,86.18,83.28,77.74,87.50,85.91,74.88,85.31,82.69,81.02,84.20,86.79,82.25,79.95,71.74,82.85,84.32,77.98,81.36,81.65,84.16,85.48,81.14,85.97,82.40,83.10,82.85,74.74,90.21,83.64,84.32,81.85,75.44,84.21,77.24,85.75,86.68,81.68,82.50,81.11,83.53,73.61,81.82,87.42,86.11,78.71,84.42,73.13,86.60,82.45,86.46,83.87,84.70,84.61,82.57,87.31,83.44,83.36,87.00,82.12,78.03,83.05,80.79,84.93,86.40,89.48,100.00,82.76,70.34,76.33,81.46,83.32,81.17,77.39,82.64,86.48,82.53,85.66,88.10,67.02,84.73,75.62,85.65,85.64,85.78,76.52,64.36,83.20,76.74,81.75,65.64,86.23,83.83,68.72,68.73,82.52,62.63,72.39,72.37,64.21,76.07,82.87,64.63,80.89,82.30,64.00
Surah 76,84.54,69.96,79.66,75.06,72.13,79.91,78.47,70.80,76.93,81.81,75.19,74.21,81.04,78.78,74.62,77.11,78.58,78.66,80.53,79.37,76.77,73.04,66.35,79.40,79.92,81.92,76.77,82.01,77.40,78.00,77.87,77.17,75.45,78.01,77.61,78.01,85.43,82.78,75.66,75.34,68.42,74.63,76.53,80.73,77.73,74.08,78.30,75.42,73.91,81.49,82.53,80.41,82.73,77.79,83.71,75.60,77.17,77.13,82.35,70.59,76.87,79.84,75.66,76.88,78.55,78.64,85.46,73.63,74.91,78.39,77.30,80.81,80.39,83.58,82.76,100.00,72.11,78.83,81.07,77.24,83.36,78.08,78.67,82.66,78.29,83.56,80.18,74.31,85.19,75.30,84.25,76.81,83.46,82.45,72.88,75.54,71.29,78.27,67.46,86.33,80.50,64.83,66.00,78.13,80.88,74.80,75.43,63.22,70.24,81.52,67.90,75.12,83.32,71.82
Surah 77,70.39,64.86,65.29,57.42,56.58,63.65,65.64,60.42,64.57,67.24,60.45,58.94,66.47,63.64,62.97,59.52,58.76,64.96,63.16,63.49,61.70,56.84,70.69,66.85,60.32,80.74,63.73,67.64,67.38,61.11,67.05,64.32,59.76,58.69,58.58,72.43,72.20,66.06,62.45,61.48,54.97,58.71,61.14,65.84,64.25,57.32,67.46,62.72,61.32,65.52,81.60,77.74,68.45,67.32,65.96,81.54,59.50,64.03,65.87,65.66,61.33,64.62,67.81,60.56,67.53,63.28,63.23,59.27,60.02,59.38,64.90,66.74,66.68,69.07,70.34,72.11,100.00,63.40,70.91,61.45,80.32,80.52,78.67,74.06,70.93,64.22,61.85,67.18,64.36,68.01,73.59,65.02,73.03,71.48,70.03,65.96,59.60,65.77,65.62,68.74,68.46,63.78,69.35,64.81,67.88,56.55,77.51,63.41,63.71,68.16,50.93,60.55,76.34,64.89
Surah 78,80.95,71.41,72.56,77.05,70.79,75.56,78.98,71.84,74.45,75.85,70.29,77.29,77.05,73.19,78.22,74.75,74.55,68.30,76.24,75.91,72.35,68.76,70.20,73.08,76.10,83.39,74.48,78.31,75.51,76.35,73.90,76.25,74.42,71.98,72.60,75.50,80.63,77.54,73.53,68.22,68.89,72.56,80.83,78.84,74.23,70.48,71.80,77.21,71.99,80.78,78.90,72.24,75.60,74.13,83.71,77.31,73.61,77.40,77.23,71.39,72.43,74.47,71.70,73.54,75.71,77.40,76.73,70.62,71.45,69.96,74.67,76.22,82.40,78.15,76.33,78.83,63.40,100.00,74.57,72.67,77.45,75.40,70.60,78.20,67.95,78.22,74.14,64.46,78.61,82.19,77.18,74.36,80.37,76.01,72.73,74.65,66.71,75.41,62.26,77.08,75.06,70.94,61.65,70.57,63.80,73.89,66.79,65.63,72.62,73.15,64.98,66.48,76.44,58.16
Surah 79,85.04,70.91,88.75,90.55,91.10,81.90,90.93,85.33,85.39,90.48,90.99,90.59,91.74,92.06,89.63,90.64,93.06,86.87,87.77,91.69,90.75,85.71,62.93,93.36,81.99,85.11,90.03,84.79,88.86,88.97,84.66,89.15,90.66,86.58,86.72,82.04,88.49,93.46,86.27,92.50,90.43,87.27,90.96,91.30,89.83,87.38,90.15,78.19,87.87,87.56,85.29,88.97,93.92,94.34,88.03,77.71,87.40,91.16,90.06,87.20,91.29,80.15,91.50,82.58,92.83,89.87,82.34,90.53,95.26,92.40,80.85,94.27,91.07,92.78,81.46,81.07,70.91,74.57,100.00,91.83,78.82,74.11,88.07,83.75,84.51,90.15,88.20,69.97,85.36,72.36,91.92,89.53,78.87,68.79,66.60,75.76,62.14,88.94,57.41,90.33,93.02,56.04,61.31,90.05,62.62,69.75,68.55,54.88,64.50,77.55,61.40,74.72,78.48,53.98
Surah 80,86.22,75.68,91.73,93.04,93.87,86.67,91.64,88.15,86.65,91.62,93.47,90.18,92.81,94.29,87.73,93.63,91.82,89.85,89.26,94.48,92.33,85.96,64.40,92.72,87.24,80.37,92.25,81.19,89.64,89.63,89.30,92.09,92.91,91.09,91.28,81.20,88.32,93.25,90.47,93.44,91.30,91.79,90.70,91.84,92.66,91.66,89.40,81.34,89.94,82.01,82.75,89.27,94.16,90.10,88.89,71.11,91.83,92.07,90.84,89.98,93.21,84.24,91.99,88.91,92.06,92.15,87.42,94.22,92.17,93.74,80.82,93.10,90.41,94.61,83.32,77.24,61.45,72.67,91.83,100.00,75.40,73.85,85.83,85.15,84.06,90.28,93.95,66.47,86.26,73.67,89.54,94.44,83.39,67.05,63.57,82.50,60.09,89.19,55.04,89.15,92.58,56.91,62.04,92.98,58.06,68.78,67.80,59.19,67.77,78.57,67.29,78.71,80.69,53.89
Surah 81,83.99,75.58,79.59,73.15,70.43,78.89,77.80,72.21,76.76,78.54,73.69,72.29,80.93,77.26,73.22,75.06,72.46,72.17,77.74,78.21,76.44,73.62,73.86,79.59,75.79,80.45,75.07,78.48,76.21,72.65,77.09,78.69,75.02,75.23,74.68,74.55,86.79,77.93,75.49,72.67,66.69,75.43,72.11,80.26,79.70,73.62,76.99,73.66,74.50,71.73,87.19,83.84,82.78,74.99,78.77,79.84,78.50,77.92,80.50,72.74,76.01,78.82,76.31,79.37,79.21,77.43,83.51,72.56,71.22,74.34,73.91,78.61,81.24,83.46,81.17,83.36,80.32,77.45,78.82,75.40,100.00,86.19,80.33,85.32,80.03,77.53,79.42,76.11,82.50,71.53,84.02,77.41,86.49,80.22,67.08,77.72,73.47,75.79,73.99,81.12,81.88,73.63,69.48,75.10,73.03,69.83,72.08,66.34,76.54,77.32,61.06,71.33,84.36,72.04
Surah 82,79.26,79.45,78.55,69.94,68.41,77.54,75.47,72.04,75.72,73.61,70.18,68.02,79.95,74.33,71.72,70.66,64.70,68.86,70.68,75.54,72.79,70.61,77.78,77.20,68.85,82.65,72.88,72.86,74.43,70.42,77.21,76.37,69.55,66.81,70.59,80.54,82.20,74.60,73.23,69.25,63.28,72.57,70.58,74.57,74.91,70.33,75.05,74.91,72.16,68.45,86.90,84.44,76.16,71.08,71.16,79.10,72.48,73.03,75.42,73.02,71.16,70.33,75.97,75.95,77.98,70.39,75.37,68.94,66.25,67.33,71.65,72.32,77.75,79.56,77.39,78.08,80.52,75.40,74.11,73.85,86.19,100.00,83.66,81.63,76.63,73.22,74.93,74.18,76.45,80.57,77.90,74.08,84.76,81.41,76.71,73.96,64.84,71.54,66.55,69.96,75.77,77.62,73.95,73.66,74.56,66.54,77.98,76.43,77.94,76.02,54.31,68.93,84.35,61.25
Surah 83,84.98,78.22,86.99,82.90,83.46,81.07,85.95,82.76,83.10,87.68,84.87,81.03,88.17,87.90,83.54,84.56,82.21,85.63,79.61,85.30,86.61,78.62,73.28,89.31,79.94,87.39,86.64,81.31,88.79,85.78,85.76,84.87,82.79,80.55,81.69,88.11,86.94,88.05,83.49,85.80,81.66,83.19,81.57,85.54,84.56,81.53,88.00,78.74,84.35,80.84,86.18,90.91,88.51,88.28,82.29,76.59,81.31,84.13,86.33,85.08,85.47,79.25,89.56,80.15,89.67,82.22,78.75,85.20,85.28,84.95,77.52,87.79,85.33,88.52,82.64,78.67,78.67,70.60,88.07,85.83,80.33,83.66,100.00,81.91,87.77,84.50,84.31,70.80,81.95,73.90,86.79,86.51,82.41,70.55,72.35,76.87,62.45,85.70,57.01,82.53,88.21,65.62,73.61,86.64,66.10,71.41,81.03,60.57,69.62,79.46,56.12,74.13,81.33,61.08
Surah 84,89.59,83.55,89.83,85.47,82.43,88.64,87.31,86.07,86.96,88.85,85.90,79.14,90.04,87.65,79.02,86.14,83.06,85.17,89.38,86.20,85.09,80.54,78.76,85.04,86.58,83.47,84.89,80.99,84.89,84.66,88.87,87.24,86.45,84.77,87.96,78.67,89.24,87.40,87.29,83.12,77.82,88.16,80.18,87.74,88.21,82.69,85.61,85.76,85.55,77.74,85.83,89.59,88.39,80.24,85.60,81.66,87.15,89.23,89.72,84.80,87.14,88.74,87.27,87.85,86.37,90.39,88.80,84.66,78.75,84.13,83.77,85.73,86.22,89.96,86.48,82.66,74.06,78.20,83.75,85.15,85.32,81.63,81.91,100.00,81.23,82.75,89.53,69.71,89.35,75.36,89.53,88.56,93.33,82.74,62.61,87.91,71.58,84.08,76.02,90.17,83.32,67.15,68.32,83.59,69.03,73.85,72.58,67.92,80.00,89.04,70.71,78.95,84.51,61.71
Surah 85,85.17,82.49,89.65,82.47,82.57,86.86,86.67,86.83,86.37,88.28,85.53,78.67,88.06,88.04,79.87,84.45,84.28,87.61,84.15,85.85,86.33,80.43,77.20,91.22,82.52,81.35,86.87,79.01,89.11,86.27,84.75,85.50,83.84,82.07,84.64,81.60,87.98,87.88,85.85,86.45,80.06,84.97,78.66,86.01,86.77,83.92,91.96,81.01,84.59,77.98,81.31,89.75,87.50,84.10,82.55,70.75,84.45,84.67,90.45,86.60,86.89,83.35,89.61,86.27,88.71,83.51,80.86,84.76,83.01,86.61,80.54,85.65,82.49,85.82,82.53,78.29,70.93,67.95,84.51,84.06,80.03,76.63,87.77,81.23,100.00,82.98,87.05,67.77,83.38,68.11,87.32,85.81,81.92,66.39,63.34,79.48,60.56,88.95,55.23,84.12,84.51,63.74,70.27,85.27,62.66,72.54,72.25,50.17,68.10,84.34,56.25,74.36,75.46,55.58
Surah 86,87.12,73.58,89.47,88.71,87.85,86.74,87.28,83.07,85.39,89.33,87.19,87.01,90.28,90.18,82.51,90.56,91.53,86.72,86.80,92.74,88.55,83.35,62.72,87.88,88.84,82.79,87.96,84.68,87.68,90.49,81.95,87.96,88.48,91.24,88.90,79.74,91.70,90.33,86.45,89.02,84.38,86.57,87.58,88.66,89.24,87.75,86.35,79.24,84.87,86.27,79.88,86.74,93.37,89.36,91.97,74.65,91.14,87.41,90.57,83.24,89.95,84.53,85.88,87.53,88.61,86.73,87.56,88.86,89.44,90.92,81.76,89.58,89.63,93.11,85.66,83.56,64.22,78.22,90.15,90.28,77.53,73.22,84.50,82.75,82.98,100.00,90.23,70.88,86.91,73.65,91.14,90.26,82.40,69.20,68.39,81.53,69.02,86.78,61.48,90.03,91.58,63.54,66.09,88.89,59.90,72.46,69.54,55.37,65.90,78.25,64.42,83.51,83.73,58.42
Surah 87,92.29,81.73,96.63,93.88,92.10,93.86,92.62,92.74,92.57,94.05,95.06,86.91,96.04,95.09,81.28,95.92,92.16,90.61,94.45,94.72,93.55,86.91,70.91,92.94,91.60,78.21,91.91,82.39,92.35,92.20,90.97,93.69,95.91,94.11,95.26,79.37,92.55,93.80,94.42,92.99,88.32,96.37,87.24,94.42,95.27,93.29,90.91,87.49,93.96,79.95,81.22,92.26,94.77,86.55,90.25,68.39,96.58,94.28,95.49,91.84,96.57,91.97,93.06,95.81,92.28,94.95,92.51,95.34,89.27,93.10,84.95,92.58,91.40,94.59,88.10,80.18,61.85,74.14,88.20,93.95,79.42,74.93,84.31,89.53,87.05,90.23,100.00,65.85,91.62,70.24,91.60,95.17,89.27,72.22,61.51,90.16,66.51,90.42,60.96,90.35,89.71,62.46,63.58,89.02,60.63,72.07,68.58,56.15,76.14,86.25,61.76,81.26,82.96,56.27
Surah 88,69.39,57.26,65.41,62.34,59.36,63.92,63.61,55.23,61.41,63.87,59.07,62.14,67.11,64.30,63.82,63.34,61.38,60.16,61.83,65.38,65.84,64.85,53.88,66.64,61.27,71.53,63.80,62.24,59.82,64.39,65.01,61.33,59.32,62.69,64.65,64.87,72.42,67.61,58.01,59.72,54.59,60.58,60.15,65.95,64.99,60.05,61.07,59.74,59.08,66.78,78.31,70.87,70.08,69.35,66.56,69.70,63.73,63.29,65.89,57.29,61.13,61.49,62.49,61.99,65.40,62.48,72.63,60.15,63.43,64.11,57.33,63.36,71.62,74.56,67.02,74.31,67.18,64.46,69.97,66.47,76.11,74.18,70.80,69.71,67.77,70.88,65.85,100.00,69.45,61.74,74.35,65.61,67.69,66.69,58.97,57.49,64.73,62.66,63.82,70.64,75.48,63.55,63.18,68.48,66.92,67.36,65.44,60.26,55.73,60.57,61.98,62.69,74.55,54.30
Surah 89,88.31,79.79,90.67,88.44,85.63,90.17,89.89,85.63,89.55,91.02,87.64,84.57,91.67,89.00,79.68,88.77,87.04,85.49,89.90,88.18,88.71,83.95,70.19,88.09,87.12,81.95,86.25,82.84,85.77,87.80,86.77,89.10,89.13,87.00,89.48,77.28,90.18,91.24,87.95,86.58,81.27,89.36,83.67,89.90,89.47,87.00,86.07,85.91,86.76,83.65,82.89,88.72,90.22,85.55,90.00,73.97,88.73,89.34,92.16,84.73,89.01,88.27,88.51,89.14,88.10,90.34,92.78,88.48,86.08,86.12,82.74,88.13,88.56,90.05,84.73,85.19,64.36,78.61,85.36,86.26,82.50,76.45,81.95,89.35,83.38,86.91,91.62,69.45,100.00,70.58,89.26,88.41,89.25,78.57,64.56,86.69,67.31,88.42,66.36,89.85,84.05,67.67,62.38,83.53,72.71,73.10,68.70,60.24,76.62,86.58,64.53,74.65,81.84,62.88
Surah 90,74.85,68.62,71.78,72.12,69.91,71.69,75.08,69.05,70.01,72.72,68.29,70.69,72.93,71.87,74.45,69.25,68.69,70.23,70.05,73.56,69.19,66.33,68.23,71.44,71.53,81.60,69.13,73.03,73.26,69.76,71.61,74.03,69.19,64.75,68.47,79.01,76.00,74.22,72.73,67.98,65.76,67.39,75.00,73.60,69.14,68.23,71.13,73.29,69.43,74.57,78.83,72.01,71.05,69.84,72.20,73.84,67.99,71.84,72.24,71.10,69.32,67.74,72.24,69.02,74.17,70.70,70.26,67.74,65.18,67.03,72.75,73.79,74.82,76.49,75.62,75.30,68.01,82.19,72.36,73.67,71.53,80.57,73.90,75.36,68.11,73.65,70.24,61.74,70.58,100.00,70.53,71.00,76.14,75.69,77.28,69.84,57.68,70.11,56.64,68.87,70.98,61.92,68.34,72.40,63.10,66.04,69.52,70.30,66.83,68.56,63.99,70.75,74.60,60.11
Surah 91,88.65,76.82,91.39,89.57,86.87,89.42,88.43,85.51,87.56,90.23,88.78,87.43,93.10,91.37,82.56,90.95,91.80,86.77,89.66,90.86,89.60,85.20,68.31,91.54,88.68,84.42,89.95,86.88,87.98,89.10,85.75,89.00,89.55,89.01,88.72,79.19,91.24,91.54,86.68,90.09,84.29,88.22,86.54,90.19,91.05,87.71,89.28,81.07,85.99,85.49,84.13,92.24,93.67,89.62,93.27,77.56,91.40,91.00,92.63,85.74,91.35,87.73,89.48,89.28,89.91,90.33,88.92,90.11,91.05,91.16,83.62,90.30,91.36,92.74,85.65,84.25,73.59,77.18,91.92,89.54,84.02,77.90,86.79,89.53,87.32,91.14,91.60,74.35,89.26,70.53,100.00,92.14,86.40,73.93,64.37,84.04,69.71,88.29,68.44,92.67,90.38,63.53,63.54,87.85,64.35,74.70,72.84,54.99,69.90,82.12,66.31,79.10,84.75,55.83
Surah 92,89.74,80.53,94.74,94.47,93.81,91.38,90.95,92.03,90.57,93.09,94.33,88.12,94.59,94.72,83.94,95.47,91.65,90.22,90.03,93.20,94.17,86.85,68.38,92.45,89.65,80.59,93.15,79.34,92.61,92.55,92.00,92.77,93.94,92.20,94.30,81.99,90.30,93.77,92.19,93.69,90.58,94.71,88.26,94.13,94.11,92.61,90.76,86.42,91.84,81.52,80.18,91.41,93.97,89.92,89.74,70.15,94.09,93.12,92.99,92.51,94.88,87.84,93.86,91.96,91.87,93.17,89.07,95.90,91.69,92.68,83.76,91.70,93.06,94.08,85.64,76.81,65.02,74.36,89.53,94.44,77.41,74.08,86.51,88.56,85.81,90.26,95.17,65.61,88.41,71.00,92.14,100.00,85.97,67.19,65.86,85.54,64.78,89.84,57.99,89.62,90.71,59.14,64.25,91.94,54.83,68.96,69.94,56.57,71.03,82.97,63.66,78.70,82.03,50.61
Surah 93,91.17,86.02,89.07,80.96,77.96,89.06,84.18,83.33,86.58,86.84,81.97,76.43,87.46,85.28,75.38,82.74,80.38,84.23,88.62,84.91,81.84,74.68,82.15,82.68,87.58,82.41,83.81,83.38,83.63,82.48,87.65,85.72,83.98,84.23,85.33,79.36,90.45,84.51,85.30,79.82,73.08,85.19,77.26,85.56,86.36,80.01,84.46,85.49,82.35,74.31,85.65,88.12,87.45,76.71,85.98,79.64,85.65,84.98,88.64,82.71,84.75,89.81,83.36,88.00,83.58,86.91,89.80,81.74,74.80,80.80,82.88,82.66,85.31,88.40,85.78,83.46,73.03,80.37,78.87,83.39,86.49,84.76,82.41,93.33,81.92,82.40,89.27,67.69,89.25,76.14,86.40,85.97,100.00,84.86,67.34,91.35,74.24,83.02,72.20,86.74,82.31,75.29,74.22,81.94,73.50,74.37,77.03,70.08,83.72,90.08,68.13,81.26,89.43,66.91
Surah 94,75.98,65.89,71.92,65.66,60.09,72.13,72.14,62.46,68.91,69.96,64.25,62.67,72.46,69.72,62.32,64.65,65.12,68.91,72.87,67.44,63.39,61.91,68.63,69.43,70.40,76.62,62.04,74.21,64.88,63.39,67.18,67.58,65.71,63.80,65.22,67.54,77.73,70.90,67.10,61.66,54.46,65.24,63.86,70.77,66.86,60.73,69.61,72.15,65.05,67.06,82.34,74.78,72.56,62.42,70.01,77.99,66.68,69.89,72.58,63.61,65.18,71.76,67.70,69.62,69.24,70.71,79.90,61.88,60.55,63.73,70.50,70.75,72.47,76.78,76.52,82.45,71.48,76.01,68.79,67.05,80.22,81.41,70.55,82.74,66.39,69.20,72.22,66.69,78.57,75.69,73.93,67.19,84.86,100.00,64.87,73.70,71.18,66.40,71.04,74.80,67.30,68.01,68.73,64.53,85.13,66.53,68.43,77.07,75.84,76.74,63.27,68.79,81.69,73.32
Surah 95,70.76,61.40,65.15,62.37,63.63,64.59,64.88,59.99,63.68,65.51,61.62,61.65,67.67,64.55,66.61,62.85,58.94,65.29,57.23,66.02,62.75,57.69,60.50,66.07,62.47,74.27,64.47,67.15,68.24,67.22,65.96,66.42,60.08,60.31,60.58,78.97,71.78,68.28,63.02,61.72,57.81,60.29,67.56,65.95,62.88,60.66,67.15,64.08,62.88,69.45,74.33,66.62,64.80,68.62,67.83,65.62,59.91,60.66,64.70,63.82,61.42,60.45,63.17,59.96,68.80,59.32,61.84,61.30,62.21,59.41,61.23,64.56,67.56,67.34,64.36,72.88,70.03,72.73,66.60,63.57,67.08,76.71,72.35,62.61,63.34,68.39,61.51,58.97,64.56,77.28,64.37,65.86,67.34,64.87,100.00,58.25,53.41,65.73,46.88,61.30,68.50,59.98,71.48,69.49,61.47,58.28,72.02,64.21,59.27,62.34,49.85,56.26,71.32,60.16
Surah 96,85.74,84.50,88.71,82.13,78.83,89.15,84.37,87.28,87.83,88.34,83.99,79.79,86.75,84.85,74.94,85.49,81.20,84.38,89.74,86.15,83.98,74.43,75.72,80.91,87.19,76.74,85.21,81.19,86.90,82.54,85.30,86.80,87.62,85.98,85.91,73.26,86.99,83.33,88.69,81.88,78.11,86.98,81.02,85.41,87.24,84.24,81.96,85.08,84.53,74.01,74.65,87.38,86.35,74.32,86.91,69.08,87.05,86.90,88.28,84.85,86.97,90.18,85.07,90.26,81.51,88.37,86.96,85.59,75.31,81.01,83.33,84.81,81.68,84.21,83.20,75.54,65.96,74.65,75.76,82.50,77.72,73.96,76.87,87.91,79.48,81.53,90.16,57.49,86.69,69.84,84.04,85.54,91.35,73.70,58.25,100.00,62.20,84.51,65.11,83.10,78.06,69.01,62.03,78.11,60.24,67.04,69.79,55.14,79.30,86.15,59.02,78.73,80.87,58.14
Surah 97,71.27,58.42,64.96,56.99,55.13,66.24,60.53,55.22,62.83,62.13,57.79,55.92,65.59,64.48,55.41,61.54,63.12,58.82,64.05,64.78,58.90,58.45,54.75,59.99,65.38,62.18,57.18,63.65,57.35,62.03,58.14,62.60,57.06,66.78,61.03,54.30,72.28,60.66,57.08,56.95,49.22,60.24,52.30,65.37,66.72,56.10,58.91,60.69,57.75,56.02,67.74,66.04,68.26,60.06,66.64,64.53,67.07,59.27,64.50,55.68,59.72,66.28,55.39,66.18,60.60,60.20,73.57,55.78,55.11,62.07,59.65,61.12,74.14,72.37,76.74,71.29,59.60,66.71,62.14,60.09,73.47,64.84,62.45,71.58,60.56,69.02,66.51,64.73,67.31,57.68,69.71,64.78,74.24,71.18,53.41,62.20,100.00,56.59,63.79,73.13,68.61,61.48,62.53,63.38,58.40,67.07,59.79,60.69,56.84,66.40,59.36,68.64,70.29,57.08
Surah 98,88.52,82.63,91.75,91.62,90.78,86.46,93.06,92.15,91.60,94.55,91.90,87.00,92.90,93.22,86.96,92.77,91.25,90.64,88.76,90.88,91.76,81.65,75.78,93.41,86.99,84.94,94.48,84.32,93.70,92.22,90.70,92.52,91.84,86.55,90.29,83.44,89.39,94.75,93.96,92.69,89.89,90.94,88.73,91.89,92.45,91.26,92.81,85.66,91.32,84.91,79.41,89.22,89.70,90.98,90.22,70.63,87.82,91.00,95.16,91.21,92.85,88.05,93.67,87.36,93.07,90.91,83.27,92.46,91.22,90.06,83.19,92.22,87.33,87.76,81.75,78.27,65.77,75.41,88.94,89.19,75.79,71.54,85.70,84.08,88.95,86.78,90.42,62.66,88.42,70.11,88.29,89.84,83.02,66.40,65.73,84.51,56.59,100.00,51.56,88.49,86.57,59.62,62.87,88.57,60.31,74.66,70.73,50.75,73.09,85.70,59.94,73.79,76.29,54.35
Surah 99,61.38,59.85,60.31,53.77,48.21,62.56,58.16,52.39,58.15,59.15,51.92,51.54,60.19,55.88,49.88,54.99,52.50,54.91,60.83,57.68,55.14,67.81,57.06,52.70,59.44,64.93,53.87,61.42,55.07,55.41,57.95,56.42,55.38,60.95,56.95,53.31,67.25,56.91,53.03,49.20,42.40,55.12,50.68,58.28,58.15,52.30,52.34,56.27,53.27,58.38,68.91,63.01,64.09,53.38,62.15,72.85,61.32,61.05,62.01,52.54,55.13,64.83,54.03,61.77,54.21,60.90,67.94,51.24,48.07,52.97,57.28,57.11,60.96,64.88,65.64,67.46,65.62,62.26,57.41,55.04,73.99,66.55,57.01,76.02,55.23,61.48,60.96,63.82,66.36,56.64,68.44,57.99,72.20,71.04,46.88,65.11,63.79,51.56,100.00,67.68,59.74,65.08,55.02,54.26,63.18,54.07,55.34,58.91,60.90,60.25,55.97,61.74,69.50,53.15
Surah 100,88.28,74.62,88.70,88.04,85.70,86.57,87.90,83.92,85.07,91.44,87.50,84.78,89.53,90.29,83.37,89.24,91.24,89.12,90.59,88.32,86.93,81.73,68.30,87.76,88.76,83.05,88.03,84.32,86.30,87.87,85.75,86.73,88.58,90.43,88.97,76.77,89.61,91.13,85.89,87.25,82.01,87.16,83.91,89.36,89.10,84.45,88.11,81.05,83.94,85.50,83.50,86.54,92.16,87.53,92.44,77.45,89.18,89.90,92.14,83.60,89.34,89.84,87.01,86.63,86.99,91.46,91.07,87.56,87.73,91.31,81.21,89.99,87.89,91.68,86.23,86.33,68.74,77.08,90.33,89.15,81.12,69.96,82.53,90.17,84.12,90.03,90.35,70.64,89.85,68.87,92.67,89.62,86.74,74.80,61.30,83.10,73.13,88.49,67.68,100.00,88.85,60.29,63.77,88.18,66.98,77.23,71.34,55.83,69.77,85.91,74.43,80.50,80.90,61.99
Surah 101,88.55,74.25,88.65,88.56,89.00,82.59,88.50,83.45,82.97,89.02,88.42,88.20,90.76,90.44,86.67,90.56,89.69,86.62,85.64,91.79,90.06,84.41,66.10,89.59,83.77,82.25,90.44,81.73,87.38,88.88,86.40,87.89,88.76,89.98,86.93,82.19,90.69,90.44,85.41,88.99,87.35,87.52,87.13,90.43,90.55,86.36,86.68,77.82,88.36,82.53,84.75,89.30,94.17,91.44,88.41,75.19,89.27,88.35,88.46,86.00,90.09,82.29,87.58,84.86,89.46,88.01,85.06,89.08,89.80,90.28,78.02,91.39,92.38,93.54,83.83,80.50,68.46,75.06,93.02,92.58,81.88,75.77,88.21,83.32,84.51,91.58,89.71,75.48,84.05,70.98,90.38,90.71,82.31,67.30,68.50,78.06,68.61,86.57,59.74,88.85,100.00,61.35,68.71,90.75,59.08,74.30,73.31,58.19,69.77,76.56,65.78,79.69,83.85,58.50
Surah 102,64.57,73.11,62.04,52.64,51.37,66.26,62.83,58.63,63.83,60.96,54.13,57.63,64.38,57.58,58.64,57.46,51.26,52.80,57.71,63.03,58.13,56.67,65.89,58.32,55.40,70.27,60.14,62.92,63.36,61.31,61.61,61.82,56.55,59.13,56.10,64.24,70.42,59.45,58.30,51.38,46.51,57.77,56.12,61.25,60.53,56.33,55.98,63.36,57.29,59.53,72.17,67.77,63.75,57.61,65.43,69.60,60.23,58.74,64.48,59.43,56.95,62.37,60.44,64.30,60.74,56.77,63.35,54.49,50.78,53.12,59.40,59.20,65.01,65.55,68.72,64.83,63.78,70.94,56.04,56.91,73.63,77.62,65.62,67.15,63.74,63.54,62.46,63.55,67.67,61.92,63.53,59.14,75.29,68.01,59.98,69.01,61.48,59.62,65.08,60.29,61.35,100.00,65.23,57.46,62.67,59.80,59.06,65.83,69.66,64.86,45.49,59.97,74.33,54.83
Surah 103,72.48,65.10,65.36,57.18,56.97,62.62,62.57,61.60,58.82,63.79,57.68,52.33,63.12,61.22,59.50,57.88,55.80,69.13,58.75,61.52,58.06,53.82,73.47,64.55,61.68,68.95,60.37,62.38,66.22,62.72,64.00,60.03,57.22,59.59,57.91,72.04,71.29,64.21,59.72,56.03,51.14,58.84,52.89,61.31,59.19,53.26,72.54,63.86,62.97,58.04,76.74,68.45,63.98,62.40,60.36,66.28,57.16,57.82,63.66,66.30,60.08,62.85,61.00,59.62,66.15,58.32,63.29,55.46,52.32,58.53,59.21,60.51,64.67,69.85,68.73,66.00,69.35,61.65,61.31,62.04,69.48,73.95,73.61,68.32,70.27,66.09,63.58,63.18,62.38,68.34,63.54,64.25,74.22,68.73,71.48,62.03,62.53,62.87,55.02,63.77,68.71,65.23,100.00,66.79,64.82,63.52,68.19,64.41,64.45,67.63,50.95,63.86,71.15,60.64
Surah 104,86.80,77.18,90.38,88.90,91.39,84.61,85.75,86.11,85.39,89.67,89.03,83.87,90.47,91.66,83.00,90.50,89.08,88.21,84.39,91.04,89.79,82.70,65.97,90.34,84.69,80.73,91.17,79.63,88.89,89.73,88.10,89.02,88.12,87.37,88.66,82.73,88.37,90.07,86.88,91.15,86.01,88.16,84.89,88.50,90.11,87.38,89.24,78.65,86.26,79.26,80.72,87.79,90.37,89.55,87.12,69.35,87.79,87.59,88.84,86.67,89.85,82.56,89.54,84.74,90.20,86.70,83.31,90.57,89.64,90.37,79.31,88.74,87.99,91.30,82.52,78.13,64.81,70.57,90.05,92.98,75.10,73.66,86.64,83.59,85.27,88.89,89.02,68.48,83.53,72.40,87.85,91.94,81.94,64.53,69.49,78.11,63.38,88.57,54.26,88.18,90.75,57.46,66.79,100.00,59.70,71.46,72.09,59.56,65.02,79.02,70.01,75.84,81.27,54.86
Surah 105,63.95,56.83,61.52,55.27,50.60,61.08,62.01,51.57,59.75,62.90,54.45,54.81,62.01,58.51,55.39,54.00,55.31,61.67,61.82,56.46,56.66,54.26,61.24,62.84,58.71,72.66,54.12,66.65,56.20,55.01,59.44,57.49,55.99,53.69,55.04,63.21,66.66,63.47,55.17,53.30,44.85,53.47,54.88,60.21,55.29,49.77,62.09,56.75,54.35,64.13,77.30,65.00,63.80,60.37,61.35,69.99,53.21,60.09,63.02,52.63,54.41,61.59,59.78,55.61,62.80,59.96,70.29,52.01,55.16,55.30,59.12,61.88,62.02,65.13,62.63,80.88,67.88,63.80,62.62,58.06,73.03,74.56,66.10,69.03,62.66,59.90,60.63,66.92,72.71,63.10,64.35,54.83,73.50,85.13,61.47,60.24,58.40,60.31,63.18,66.98,59.08,62.67,64.82,59.70,100.00,61.62,66.26,70.30,63.78,68.70,60.09,56.39,74.69,72.09
Surah 106,76.27,68.32,70.34,69.48,68.31,69.93,74.83,67.60,69.53,72.67,66.35,67.52,72.14,72.99,75.57,71.59,73.19,69.64,71.82,72.10,68.99,63.57,65.26,70.75,70.25,73.87,73.50,73.48,70.08,72.62,71.96,70.55,67.03,66.80,69.31,69.54,76.05,73.08,67.64,66.62,62.92,68.74,67.37,71.75,71.68,65.68,71.70,68.53,69.02,73.16,70.77,72.64,71.14,70.93,76.81,65.32,67.42,69.09,76.12,67.69,69.65,73.41,67.88,67.60,73.21,70.06,71.73,65.86,67.22,69.35,71.18,71.66,74.58,73.78,72.39,74.80,56.55,73.89,69.75,68.78,69.83,66.54,71.41,73.85,72.54,72.46,72.07,67.36,73.10,66.04,74.70,68.96,74.37,66.53,58.28,67.04,67.07,74.66,54.07,77.23,74.30,59.80,63.52,71.46,61.62,100.00,70.02,54.36,61.05,72.31,62.79,63.36,68.40,57.48
Surah 107,78.91,69.09,70.90,63.31,62.54,67.31,68.91,65.61,68.54,72.79,64.23,63.57,70.70,70.05,67.16,66.26,66.28,72.09,69.20,68.75,67.38,57.13,73.26,69.56,71.44,78.36,72.68,72.81,71.74,68.26,74.68,66.94,64.40,67.74,67.21,77.51,75.27,69.82,67.26,64.84,60.21,65.97,65.95,68.61,68.35,59.87,69.84,66.23,67.34,68.20,75.43,78.05,71.23,66.54,71.83,71.89,64.67,66.77,70.71,66.90,67.66,73.40,68.95,65.64,69.85,67.88,70.89,64.88,63.94,66.38,67.78,69.92,70.42,70.85,72.37,75.43,77.51,66.79,68.55,67.80,72.08,77.98,81.03,72.58,72.25,69.54,68.58,65.44,68.70,69.52,72.84,69.94,77.03,68.43,72.02,69.79,59.79,70.73,55.34,71.34,73.31,59.06,68.19,72.09,66.26,70.02,100.00,55.98,67.90,74.78,57.37,72.13,78.16,66.48
Surah 108,60.09,57.84,56.00,52.34,53.84,55.60,56.96,50.88,55.15,53.49,52.42,50.76,58.92,55.55,54.09,53.12,48.00,50.18,54.36,57.36,50.22,51.27,55.41,53.26,48.08,65.09,51.36,54.39,52.05,51.73,58.45,57.75,50.87,48.78,52.13,60.86,60.90,54.32,53.73,48.51,43.97,52.88,52.72,57.89,54.50,48.51,51.42,60.43,52.79,50.58,75.34,60.80,56.82,52.15,54.33,68.86,51.59,54.01,53.10,55.96,49.59,51.20,54.75,52.79,58.85,54.72,60.53,50.11,46.37,45.79,54.14,55.45,63.46,64.49,64.21,63.22,63.41,65.63,54.88,59.19,66.34,76.43,60.57,67.92,50.17,55.37,56.15,60.26,60.24,70.30,54.99,56.57,70.08,77.07,64.21,55.14,60.69,50.75,58.91,55.83,58.19,65.83,64.41,59.56,70.30,54.36,55.98,100.00,65.60,56.49,62.19,49.26,73.27,66.04
Surah 109,80.36,80.85,73.61,69.65,64.86,71.65,75.79,77.45,74.48,74.67,69.69,64.27,77.10,70.12,63.27,71.39,64.32,67.44,73.54,70.69,70.25,64.13,80.49,69.86,69.24,69.09,72.18,68.88,73.99,69.61,75.82,73.88,73.79,68.24,69.18,69.26,77.64,72.59,78.12,64.47,63.35,74.11,67.08,74.63,73.37,68.28,69.48,75.25,76.25,59.63,75.46,76.17,72.15,61.87,71.19,66.28,72.41,73.27,73.71,73.47,71.63,74.50,72.58,76.56,70.61,75.14,77.09,68.96,61.06,62.19,68.02,71.80,73.77,73.91,76.07,70.24,63.71,72.62,64.50,67.77,76.54,77.94,69.62,80.00,68.10,65.90,76.14,55.73,76.62,66.83,69.90,71.03,83.72,75.84,59.27,79.30,56.84,73.09,60.90,69.77,69.77,69.66,64.45,65.02,63.78,61.05,67.90,65.60,100.00,76.85,50.58,67.53,78.06,64.68
Surah 110,88.84,84.36,88.72,80.36,77.26,88.78,83.79,85.79,87.05,87.55,83.20,73.70,85.76,84.82,75.03,81.24,80.41,86.46,87.56,80.95,81.84,73.78,82.48,83.72,86.11,79.14,82.76,77.83,84.64,84.30,86.81,83.75,82.36,81.26,86.23,77.75,86.40,85.18,86.22,81.07,74.46,85.86,75.54,84.11,84.60,78.80,87.72,89.70,82.47,74.23,77.87,84.66,83.46,75.45,81.31,71.77,82.37,84.08,89.44,82.37,83.92,88.65,85.39,85.71,83.51,85.07,84.31,81.11,74.94,80.78,85.08,81.45,79.57,81.96,82.87,81.52,68.16,73.15,77.55,78.57,77.32,76.02,79.46,89.04,84.34,78.25,86.25,60.57,86.58,68.56,82.12,82.97,90.08,76.74,62.34,86.15,66.40,85.70,60.25,85.91,76.56,64.86,67.63,79.02,68.70,72.31,74.78,56.49,76.85,100.00,59.31,77.63,76.75,58.69
Surah 111,62.98,50.37,59.73,61.75,58.63,59.97,58.22,52.92,55.08,62.05,56.89,57.84,59.73,61.48,59.20,60.59,63.64,62.51,63.60,61.25,57.60,52.40,50.46,57.24,66.50,64.09,59.95,62.16,55.14,58.58,60.23,59.00,59.57,62.79,60.79,53.76,63.13,60.74,57.76,56.99,51.30,56.66,57.99,59.77,60.33,54.22,58.11,54.14,52.67,59.72,64.50,59.79,63.85,59.49,68.89,65.17,60.30,63.05,62.27,53.67,58.15,64.86,56.66,57.84,59.39,64.96,69.48,58.06,58.01,62.26,54.59,61.45,63.07,67.62,64.63,67.90,50.93,64.98,61.40,67.29,61.06,54.31,56.12,70.71,56.25,64.42,61.76,61.98,64.53,63.99,66.31,63.66,68.13,63.27,49.85,59.02,59.36,59.94,55.97,74.43,65.78,45.49,50.95,70.01,60.09,62.79,57.37,62.19,50.58,59.31,100.00,60.03,68.02,54.98
Surah 112,82.04,71.13,80.97,74.69,70.90,79.49,76.21,73.97,77.38,79.52,74.44,73.41,79.30,79.13,68.62,76.83,77.68,79.87,80.08,80.31,77.33,69.36,64.85,75.57,85.17,72.60,76.32,74.82,76.66,76.57,74.39,76.54,76.49,82.82,78.62,69.78,82.03,77.52,77.61,76.17,69.89,76.06,72.18,76.49,79.42,75.14,74.95,68.65,74.81,69.22,73.16,79.12,81.52,71.12,78.74,69.48,81.90,76.82,80.65,70.90,79.92,80.45,74.08,81.13,74.16,77.14,79.91,75.05,70.77,80.83,73.24,78.05,76.55,82.49,80.89,75.12,60.55,66.48,74.72,78.71,71.33,68.93,74.13,78.95,74.36,83.51,81.26,62.69,74.65,70.75,79.10,78.70,81.26,68.79,56.26,78.73,68.64,73.79,61.74,80.50,79.69,59.97,63.86,75.84,56.39,63.36,72.13,49.26,67.53,77.63,60.03,100.00,79.02,55.56
Surah 113,85.29,73.92,81.97,76.17,73.18,80.34,76.70,73.02,78.03,80.26,75.88,73.78,82.69,80.19,69.91,78.78,76.01,76.29,79.35,81.24,78.54,71.31,71.05,78.64,80.11,81.54,78.68,79.83,77.92,77.71,80.19,79.90,77.80,80.06,77.54,76.81,87.38,80.08,78.50,76.08,68.44,76.65,74.90,80.69,80.05,75.26,75.88,73.00,75.88,74.05,85.66,84.66,85.34,76.77,82.31,77.74,80.61,78.96,81.16,74.57,78.49,80.66,77.29,79.93,79.45,78.46,85.04,77.34,73.96,76.05,74.76,79.54,83.31,86.44,82.30,83.32,76.34,76.44,78.48,80.69,84.36,84.35,81.33,84.51,75.46,83.73,82.96,74.55,81.84,74.60,84.75,82.03,89.43,81.69,71.32,80.87,70.29,76.29,69.50,80.90,83.85,74.33,71.15,81.27,74.69,68.40,78.16,73.27,78.06,76.75,68.02,79.02,100.00,71.31
Surah 114,62.97,48.67,53.67,48.15,47.46,51.70,55.56,45.22,51.72,58.65,50.10,49.74,54.73,55.21,50.49,50.70,53.06,56.58,57.20,55.10,49.85,43.35,53.39,52.04,57.09,61.41,50.21,66.06,53.49,50.52,54.16,54.77,50.78,53.42,49.54,58.27,65.04,55.74,54.77,49.22,43.28,48.76,51.27,57.09,53.00,46.90,52.60,52.51,51.47,56.13,68.55,58.71,59.94,50.14,59.76,61.44,51.21,52.16,55.43,48.66,51.00,60.85,50.97,52.46,54.96,55.09,65.77,48.70,47.15,50.43,54.86,60.08,55.70,60.84,64.00,71.82,64.89,58.16,53.98,53.89,72.04,61.25,61.08,61.71,55.58,58.42,56.27,54.30,62.88,60.11,55.83,50.61,66.91,73.32,60.16,58.14,57.08,54.35,53.15,61.99,58.50,54.83,60.64,54.86,72.09,57.48,66.48,66.04,64.68,58.69,54.98,55.56,71.31,100.00
